datetime,vt_tradeid,vt_orderid,symbol,exchange,direction,offset,price,volume,gateway_name,tradeid,orderid
2025-01-02 03:47:00+08:00,BACKTESTING.1,BACKTESTING.1,BTCUSDT_SWAP_OKX,GLOBAL,多,开,94644.6,0.01,BACKTESTING,1,1
2025-01-02 03:50:00+08:00,BACKTESTING.2,BACKTESTING.2,BTCUSDT_SWAP_OKX,GLOBAL,空,平,94740.7,0.01,BACKTESTING,2,2
2025-01-02 09:08:00+08:00,BACKTESTING.3,BACKTESTING.3,BTCUSDT_SWAP_OKX,GLOBAL,多,开,95524.1,0.01,BACKTESTING,3,3
2025-01-02 09:14:00+08:00,BACKTESTING.4,BACKTESTING.5,BTCUSDT_SWAP_OKX,GLOBAL,空,平,95367.9,0.01,BACKTESTING,4,5
2025-01-02 12:39:00+08:00,BACKTESTING.5,BACKTESTING.6,BTCUSDT_SWAP_OKX,GLOBAL,多,开,95675.0,0.01,BACKTESTING,5,6
2025-01-02 12:48:00+08:00,BACKTESTING.6,BACKTESTING.7,BTCUSDT_SWAP_OKX,GLOBAL,空,平,96033.2,0.01,BACKTESTING,6,7
2025-01-02 17:57:00+08:00,BACKTESTING.7,BACKTESTING.8,BTCUSDT_SWAP_OKX,GLOBAL,多,开,97400.0,0.01,BACKTESTING,7,8
2025-01-02 17:58:00+08:00,BACKTESTING.8,BACKTESTING.9,BTCUSDT_SWAP_OKX,GLOBAL,空,平,96708.0,0.01,BACKTESTING,8,9
2025-01-09 00:44:00+08:00,BACKTESTING.9,BACKTESTING.10,BTCUSDT_SWAP_OKX,GLOBAL,空,开,94759.8,0.01,BACKTESTING,9,10
2025-01-09 00:58:00+08:00,BACKTESTING.10,BACKTESTING.11,BTCUSDT_SWAP_OKX,GLOBAL,多,平,94781.7,0.01,BACKTESTING,10,11
2025-01-09 01:25:00+08:00,BACKTESTING.11,BACKTESTING.12,BTCUSDT_SWAP_OKX,GLOBAL,空,开,93280.0,0.01,BACKTESTING,11,12
2025-01-09 01:30:00+08:00,BACKTESTING.12,BACKTESTING.13,BTCUSDT_SWAP_OKX,GLOBAL,多,平,92265.0,0.01,BACKTESTING,12,13
2025-01-09 02:53:00+08:00,BACKTESTING.13,BACKTESTING.14,BTCUSDT_SWAP_OKX,GLOBAL,空,开,94051.4,0.01,BACKTESTING,13,14
2025-01-09 02:58:00+08:00,BACKTESTING.14,BACKTESTING.15,BTCUSDT_SWAP_OKX,GLOBAL,多,平,94102.9,0.01,BACKTESTING,14,15
2025-01-09 03:41:00+08:00,BACKTESTING.15,BACKTESTING.16,BTCUSDT_SWAP_OKX,GLOBAL,空,开,94185.7,0.01,BACKTESTING,15,16
2025-01-09 03:47:00+08:00,BACKTESTING.16,BACKTESTING.17,BTCUSDT_SWAP_OKX,GLOBAL,多,平,94320.0,0.01,BACKTESTING,16,17
2025-01-09 04:11:00+08:00,BACKTESTING.17,BACKTESTING.18,BTCUSDT_SWAP_OKX,GLOBAL,空,开,93906.3,0.01,BACKTESTING,17,18
2025-01-09 04:22:00+08:00,BACKTESTING.18,BACKTESTING.19,BTCUSDT_SWAP_OKX,GLOBAL,多,平,94005.9,0.01,BACKTESTING,18,19
2025-01-09 05:08:00+08:00,BACKTESTING.19,BACKTESTING.20,BTCUSDT_SWAP_OKX,GLOBAL,空,开,93852.9,0.01,BACKTESTING,19,20
2025-01-09 05:12:00+08:00,BACKTESTING.20,BACKTESTING.21,BTCUSDT_SWAP_OKX,GLOBAL,多,平,93859.5,0.01,BACKTESTING,20,21
2025-01-09 06:07:00+08:00,BACKTESTING.21,BACKTESTING.22,BTCUSDT_SWAP_OKX,GLOBAL,多,开,94664.3,0.01,BACKTESTING,21,22
2025-01-09 06:15:00+08:00,BACKTESTING.22,BACKTESTING.24,BTCUSDT_SWAP_OKX,GLOBAL,空,平,94737.5,0.01,BACKTESTING,22,24
2025-01-09 11:08:00+08:00,BACKTESTING.23,BACKTESTING.25,BTCUSDT_SWAP_OKX,GLOBAL,空,开,94275.4,0.01,BACKTESTING,23,25
2025-01-09 11:19:00+08:00,BACKTESTING.24,BACKTESTING.26,BTCUSDT_SWAP_OKX,GLOBAL,多,平,94483.5,0.01,BACKTESTING,24,26
2025-01-09 15:29:00+08:00,BACKTESTING.25,BACKTESTING.27,BTCUSDT_SWAP_OKX,GLOBAL,空,开,92924.7,0.01,BACKTESTING,25,27
2025-01-09 15:30:00+08:00,BACKTESTING.26,BACKTESTING.28,BTCUSDT_SWAP_OKX,GLOBAL,多,平,93755.1,0.01,BACKTESTING,26,28
2025-01-09 18:28:00+08:00,BACKTESTING.27,BACKTESTING.29,BTCUSDT_SWAP_OKX,GLOBAL,空,开,93207.4,0.01,BACKTESTING,27,29
2025-01-09 18:38:00+08:00,BACKTESTING.28,BACKTESTING.30,BTCUSDT_SWAP_OKX,GLOBAL,多,平,93189.5,0.01,BACKTESTING,28,30
2025-01-16 02:20:00+08:00,BACKTESTING.29,BACKTESTING.31,BTCUSDT_SWAP_OKX,GLOBAL,多,开,99147.7,0.01,BACKTESTING,29,31
2025-01-16 02:38:00+08:00,BACKTESTING.30,BACKTESTING.32,BTCUSDT_SWAP_OKX,GLOBAL,空,平,99032.8,0.01,BACKTESTING,30,32
2025-01-16 03:00:00+08:00,BACKTESTING.31,BACKTESTING.33,BTCUSDT_SWAP_OKX,GLOBAL,多,开,99446.8,0.01,BACKTESTING,31,33
2025-01-16 03:03:00+08:00,BACKTESTING.32,BACKTESTING.34,BTCUSDT_SWAP_OKX,GLOBAL,空,平,99840.0,0.01,BACKTESTING,32,34
2025-01-16 03:54:00+08:00,BACKTESTING.33,BACKTESTING.35,BTCUSDT_SWAP_OKX,GLOBAL,多,开,99800.0,0.01,BACKTESTING,33,35
2025-01-16 04:05:00+08:00,BACKTESTING.34,BACKTESTING.36,BTCUSDT_SWAP_OKX,GLOBAL,空,平,99699.1,0.01,BACKTESTING,34,36
2025-01-16 07:30:00+08:00,BACKTESTING.35,BACKTESTING.37,BTCUSDT_SWAP_OKX,GLOBAL,多,开,101161.5,0.01,BACKTESTING,35,37
2025-01-16 07:31:00+08:00,BACKTESTING.36,BACKTESTING.38,BTCUSDT_SWAP_OKX,GLOBAL,空,平,100083.3,0.01,BACKTESTING,36,38
2025-01-16 08:02:00+08:00,BACKTESTING.37,BACKTESTING.39,BTCUSDT_SWAP_OKX,GLOBAL,多,开,101822.6,0.01,BACKTESTING,37,39
2025-01-16 08:03:00+08:00,BACKTESTING.38,BACKTESTING.40,BTCUSDT_SWAP_OKX,GLOBAL,空,平,100885.5,0.01,BACKTESTING,38,40
2025-01-16 11:36:00+08:00,BACKTESTING.39,BACKTESTING.41,BTCUSDT_SWAP_OKX,GLOBAL,空,开,98374.4,0.01,BACKTESTING,39,41
2025-01-16 11:37:00+08:00,BACKTESTING.40,BACKTESTING.42,BTCUSDT_SWAP_OKX,GLOBAL,多,平,99256.3,0.01,BACKTESTING,40,42
2025-01-16 16:56:00+08:00,BACKTESTING.41,BACKTESTING.43,BTCUSDT_SWAP_OKX,GLOBAL,空,开,98813.0,0.01,BACKTESTING,41,43
2025-01-16 16:59:00+08:00,BACKTESTING.42,BACKTESTING.44,BTCUSDT_SWAP_OKX,GLOBAL,多,平,99007.7,0.01,BACKTESTING,42,44
2025-01-16 19:17:00+08:00,BACKTESTING.43,BACKTESTING.45,BTCUSDT_SWAP_OKX,GLOBAL,空,开,98930.0,0.01,BACKTESTING,43,45
2025-01-16 19:23:00+08:00,BACKTESTING.44,BACKTESTING.46,BTCUSDT_SWAP_OKX,GLOBAL,多,平,98930.9,0.01,BACKTESTING,44,46
2025-01-16 22:42:00+08:00,BACKTESTING.45,BACKTESTING.47,BTCUSDT_SWAP_OKX,GLOBAL,空,开,98752.2,0.01,BACKTESTING,45,47
2025-01-16 22:44:00+08:00,BACKTESTING.46,BACKTESTING.48,BTCUSDT_SWAP_OKX,GLOBAL,多,平,98095.8,0.01,BACKTESTING,46,48
2025-01-23 00:03:00+08:00,BACKTESTING.47,BACKTESTING.49,BTCUSDT_SWAP_OKX,GLOBAL,空,开,102910.0,0.01,BACKTESTING,47,49
2025-01-23 00:04:00+08:00,BACKTESTING.48,BACKTESTING.50,BTCUSDT_SWAP_OKX,GLOBAL,多,平,103804.6,0.01,BACKTESTING,48,50
2025-01-23 00:43:00+08:00,BACKTESTING.49,BACKTESTING.51,BTCUSDT_SWAP_OKX,GLOBAL,空,开,103477.5,0.01,BACKTESTING,49,51
2025-01-23 00:48:00+08:00,BACKTESTING.50,BACKTESTING.52,BTCUSDT_SWAP_OKX,GLOBAL,多,平,103593.4,0.01,BACKTESTING,50,52
2025-01-23 05:02:00+08:00,BACKTESTING.51,BACKTESTING.53,BTCUSDT_SWAP_OKX,GLOBAL,空,开,104053.7,0.01,BACKTESTING,51,53
2025-01-23 05:22:00+08:00,BACKTESTING.52,BACKTESTING.54,BTCUSDT_SWAP_OKX,GLOBAL,多,平,103691.6,0.01,BACKTESTING,52,54
2025-01-23 07:00:00+08:00,BACKTESTING.53,BACKTESTING.55,BTCUSDT_SWAP_OKX,GLOBAL,空,开,103807.7,0.01,BACKTESTING,53,55
2025-01-23 07:03:00+08:00,BACKTESTING.54,BACKTESTING.56,BTCUSDT_SWAP_OKX,GLOBAL,多,平,104039.6,0.01,BACKTESTING,54,56
2025-01-23 09:48:00+08:00,BACKTESTING.55,BACKTESTING.57,BTCUSDT_SWAP_OKX,GLOBAL,空,开,103114.5,0.01,BACKTESTING,55,57
2025-01-23 09:50:00+08:00,BACKTESTING.56,BACKTESTING.58,BTCUSDT_SWAP_OKX,GLOBAL,多,平,102885.2,0.01,BACKTESTING,56,58
2025-01-23 10:16:00+08:00,BACKTESTING.57,BACKTESTING.59,BTCUSDT_SWAP_OKX,GLOBAL,空,开,102333.4,0.01,BACKTESTING,57,59
2025-01-23 10:25:00+08:00,BACKTESTING.58,BACKTESTING.60,BTCUSDT_SWAP_OKX,GLOBAL,多,平,102460.7,0.01,BACKTESTING,58,60
2025-01-23 11:51:00+08:00,BACKTESTING.59,BACKTESTING.61,BTCUSDT_SWAP_OKX,GLOBAL,空,开,102322.0,0.01,BACKTESTING,59,61
2025-01-23 11:53:00+08:00,BACKTESTING.60,BACKTESTING.62,BTCUSDT_SWAP_OKX,GLOBAL,多,平,102303.3,0.01,BACKTESTING,60,62
2025-01-23 12:19:00+08:00,BACKTESTING.61,BACKTESTING.63,BTCUSDT_SWAP_OKX,GLOBAL,空,开,101979.5,0.01,BACKTESTING,61,63
2025-01-23 12:35:00+08:00,BACKTESTING.62,BACKTESTING.64,BTCUSDT_SWAP_OKX,GLOBAL,多,平,101968.2,0.01,BACKTESTING,62,64
2025-01-23 16:53:00+08:00,BACKTESTING.63,BACKTESTING.65,BTCUSDT_SWAP_OKX,GLOBAL,空,开,102086.0,0.01,BACKTESTING,63,65
2025-01-23 16:57:00+08:00,BACKTESTING.64,BACKTESTING.66,BTCUSDT_SWAP_OKX,GLOBAL,多,平,102249.6,0.01,BACKTESTING,64,66
2025-01-23 17:35:00+08:00,BACKTESTING.65,BACKTESTING.67,BTCUSDT_SWAP_OKX,GLOBAL,空,开,101918.0,0.01,BACKTESTING,65,67
2025-01-23 17:49:00+08:00,BACKTESTING.66,BACKTESTING.68,BTCUSDT_SWAP_OKX,GLOBAL,多,平,101056.5,0.01,BACKTESTING,66,68
2025-01-30 00:18:00+08:00,BACKTESTING.67,BACKTESTING.69,BTCUSDT_SWAP_OKX,GLOBAL,空,开,101752.9,0.01,BACKTESTING,67,69
2025-01-30 00:23:00+08:00,BACKTESTING.68,BACKTESTING.70,BTCUSDT_SWAP_OKX,GLOBAL,多,平,101988.1,0.01,BACKTESTING,68,70
2025-01-30 01:35:00+08:00,BACKTESTING.69,BACKTESTING.71,BTCUSDT_SWAP_OKX,GLOBAL,多,开,102726.9,0.01,BACKTESTING,69,71
2025-01-30 01:38:00+08:00,BACKTESTING.70,BACKTESTING.72,BTCUSDT_SWAP_OKX,GLOBAL,空,平,102555.3,0.01,BACKTESTING,70,72
2025-01-30 02:29:00+08:00,BACKTESTING.71,BACKTESTING.73,BTCUSDT_SWAP_OKX,GLOBAL,多,开,102556.1,0.01,BACKTESTING,71,73
2025-01-30 02:49:00+08:00,BACKTESTING.72,BACKTESTING.74,BTCUSDT_SWAP_OKX,GLOBAL,空,平,102907.9,0.01,BACKTESTING,72,74
2025-01-30 04:24:00+08:00,BACKTESTING.73,BACKTESTING.75,BTCUSDT_SWAP_OKX,GLOBAL,多,开,103991.8,0.01,BACKTESTING,73,75
2025-01-30 04:34:00+08:00,BACKTESTING.74,BACKTESTING.76,BTCUSDT_SWAP_OKX,GLOBAL,空,平,104737.4,0.01,BACKTESTING,74,76
2025-01-30 06:32:00+08:00,BACKTESTING.75,BACKTESTING.77,BTCUSDT_SWAP_OKX,GLOBAL,多,开,104009.4,0.01,BACKTESTING,75,77
2025-01-30 06:39:00+08:00,BACKTESTING.76,BACKTESTING.78,BTCUSDT_SWAP_OKX,GLOBAL,空,平,103800.0,0.01,BACKTESTING,76,78
2025-01-30 07:11:00+08:00,BACKTESTING.77,BACKTESTING.79,BTCUSDT_SWAP_OKX,GLOBAL,多,开,104013.0,0.01,BACKTESTING,77,79
2025-01-30 07:24:00+08:00,BACKTESTING.78,BACKTESTING.80,BTCUSDT_SWAP_OKX,GLOBAL,空,平,104060.7,0.01,BACKTESTING,78,80
2025-01-30 09:20:00+08:00,BACKTESTING.79,BACKTESTING.81,BTCUSDT_SWAP_OKX,GLOBAL,多,开,104333.0,0.01,BACKTESTING,79,81
2025-01-30 09:37:00+08:00,BACKTESTING.80,BACKTESTING.82,BTCUSDT_SWAP_OKX,GLOBAL,空,平,104293.9,0.01,BACKTESTING,80,82
2025-01-30 11:37:00+08:00,BACKTESTING.81,BACKTESTING.83,BTCUSDT_SWAP_OKX,GLOBAL,多,开,104887.7,0.01,BACKTESTING,81,83
2025-01-30 11:48:00+08:00,BACKTESTING.82,BACKTESTING.84,BTCUSDT_SWAP_OKX,GLOBAL,空,平,105146.3,0.01,BACKTESTING,82,84
2025-01-30 12:58:00+08:00,BACKTESTING.83,BACKTESTING.85,BTCUSDT_SWAP_OKX,GLOBAL,多,开,106519.1,0.01,BACKTESTING,83,85
2025-01-30 12:59:00+08:00,BACKTESTING.84,BACKTESTING.86,BTCUSDT_SWAP_OKX,GLOBAL,空,平,105548.5,0.01,BACKTESTING,84,86
2025-01-30 21:48:00+08:00,BACKTESTING.85,BACKTESTING.87,BTCUSDT_SWAP_OKX,GLOBAL,空,开,104908.1,0.01,BACKTESTING,85,87
2025-01-30 22:05:00+08:00,BACKTESTING.86,BACKTESTING.88,BTCUSDT_SWAP_OKX,GLOBAL,多,平,104791.4,0.01,BACKTESTING,86,88
2025-02-06 00:09:00+08:00,BACKTESTING.87,BACKTESTING.89,BTCUSDT_SWAP_OKX,GLOBAL,空,开,97714.6,0.01,BACKTESTING,87,89
2025-02-06 00:17:00+08:00,BACKTESTING.88,BACKTESTING.90,BTCUSDT_SWAP_OKX,GLOBAL,多,平,97300.0,0.01,BACKTESTING,88,90
2025-02-06 01:20:00+08:00,BACKTESTING.89,BACKTESTING.91,BTCUSDT_SWAP_OKX,GLOBAL,空,开,97559.2,0.01,BACKTESTING,89,91
2025-02-06 01:31:00+08:00,BACKTESTING.90,BACKTESTING.92,BTCUSDT_SWAP_OKX,GLOBAL,多,平,97695.0,0.01,BACKTESTING,90,92
2025-02-06 01:52:00+08:00,BACKTESTING.91,BACKTESTING.93,BTCUSDT_SWAP_OKX,GLOBAL,空,开,97400.1,0.01,BACKTESTING,91,93
2025-02-06 01:55:00+08:00,BACKTESTING.92,BACKTESTING.94,BTCUSDT_SWAP_OKX,GLOBAL,多,平,97701.0,0.01,BACKTESTING,92,94
2025-02-06 02:13:00+08:00,BACKTESTING.93,BACKTESTING.95,BTCUSDT_SWAP_OKX,GLOBAL,空,开,97080.6,0.01,BACKTESTING,93,95
2025-02-06 02:20:00+08:00,BACKTESTING.94,BACKTESTING.96,BTCUSDT_SWAP_OKX,GLOBAL,多,平,97165.8,0.01,BACKTESTING,94,96
2025-02-06 02:48:00+08:00,BACKTESTING.95,BACKTESTING.97,BTCUSDT_SWAP_OKX,GLOBAL,空,开,96709.0,0.01,BACKTESTING,95,97
2025-02-06 03:08:00+08:00,BACKTESTING.96,BACKTESTING.98,BTCUSDT_SWAP_OKX,GLOBAL,多,平,96735.7,0.01,BACKTESTING,96,98
2025-02-06 05:57:00+08:00,BACKTESTING.97,BACKTESTING.99,BTCUSDT_SWAP_OKX,GLOBAL,空,开,96824.1,0.01,BACKTESTING,97,99
2025-02-06 06:08:00+08:00,BACKTESTING.98,BACKTESTING.100,BTCUSDT_SWAP_OKX,GLOBAL,多,平,96809.5,0.01,BACKTESTING,98,100
2025-02-06 06:21:00+08:00,BACKTESTING.99,BACKTESTING.101,BTCUSDT_SWAP_OKX,GLOBAL,空,开,96500.0,0.01,BACKTESTING,99,101
2025-02-06 06:31:00+08:00,BACKTESTING.100,BACKTESTING.102,BTCUSDT_SWAP_OKX,GLOBAL,多,平,96780.1,0.01,BACKTESTING,100,102
2025-02-06 07:32:00+08:00,BACKTESTING.101,BACKTESTING.103,BTCUSDT_SWAP_OKX,GLOBAL,空,开,96217.8,0.01,BACKTESTING,101,103
2025-02-06 07:35:00+08:00,BACKTESTING.102,BACKTESTING.104,BTCUSDT_SWAP_OKX,GLOBAL,多,平,96340.6,0.01,BACKTESTING,102,104
2025-02-06 10:13:00+08:00,BACKTESTING.103,BACKTESTING.105,BTCUSDT_SWAP_OKX,GLOBAL,多,开,97328.8,0.01,BACKTESTING,103,105
2025-02-06 10:16:00+08:00,BACKTESTING.104,BACKTESTING.106,BTCUSDT_SWAP_OKX,GLOBAL,空,平,97339.1,0.01,BACKTESTING,104,106
2025-02-06 12:25:00+08:00,BACKTESTING.105,BACKTESTING.107,BTCUSDT_SWAP_OKX,GLOBAL,多,开,97825.7,0.01,BACKTESTING,105,107
2025-02-06 12:27:00+08:00,BACKTESTING.106,BACKTESTING.108,BTCUSDT_SWAP_OKX,GLOBAL,空,平,97667.6,0.01,BACKTESTING,106,108
2025-02-13 00:27:00+08:00,BACKTESTING.107,BACKTESTING.109,BTCUSDT_SWAP_OKX,GLOBAL,空,开,95182.1,0.01,BACKTESTING,107,109
2025-02-13 00:30:00+08:00,BACKTESTING.108,BACKTESTING.110,BTCUSDT_SWAP_OKX,GLOBAL,多,平,95388.0,0.01,BACKTESTING,108,110
2025-02-13 00:51:00+08:00,BACKTESTING.109,BACKTESTING.111,BTCUSDT_SWAP_OKX,GLOBAL,多,开,96046.0,0.01,BACKTESTING,109,111
2025-02-13 00:55:00+08:00,BACKTESTING.110,BACKTESTING.112,BTCUSDT_SWAP_OKX,GLOBAL,空,平,96505.2,0.01,BACKTESTING,110,112
2025-02-13 01:29:00+08:00,BACKTESTING.111,BACKTESTING.113,BTCUSDT_SWAP_OKX,GLOBAL,多,开,97488.0,0.01,BACKTESTING,111,113
2025-02-13 01:35:00+08:00,BACKTESTING.112,BACKTESTING.114,BTCUSDT_SWAP_OKX,GLOBAL,空,平,97363.6,0.01,BACKTESTING,112,114
2025-02-13 03:39:00+08:00,BACKTESTING.113,BACKTESTING.115,BTCUSDT_SWAP_OKX,GLOBAL,多,开,96956.8,0.01,BACKTESTING,113,115
2025-02-13 03:50:00+08:00,BACKTESTING.114,BACKTESTING.116,BTCUSDT_SWAP_OKX,GLOBAL,空,平,97217.2,0.01,BACKTESTING,114,116
2025-02-13 04:12:00+08:00,BACKTESTING.115,BACKTESTING.117,BTCUSDT_SWAP_OKX,GLOBAL,多,开,97296.9,0.01,BACKTESTING,115,117
2025-02-13 04:17:00+08:00,BACKTESTING.116,BACKTESTING.118,BTCUSDT_SWAP_OKX,GLOBAL,空,平,97283.1,0.01,BACKTESTING,116,118
2025-02-13 04:27:00+08:00,BACKTESTING.117,BACKTESTING.119,BTCUSDT_SWAP_OKX,GLOBAL,多,开,97610.3,0.01,BACKTESTING,117,119
2025-02-13 04:30:00+08:00,BACKTESTING.118,BACKTESTING.120,BTCUSDT_SWAP_OKX,GLOBAL,空,平,97424.0,0.01,BACKTESTING,118,120
2025-02-13 05:13:00+08:00,BACKTESTING.119,BACKTESTING.121,BTCUSDT_SWAP_OKX,GLOBAL,多,开,97358.3,0.01,BACKTESTING,119,121
2025-02-13 05:24:00+08:00,BACKTESTING.120,BACKTESTING.122,BTCUSDT_SWAP_OKX,GLOBAL,空,平,97578.1,0.01,BACKTESTING,120,122
2025-02-13 05:45:00+08:00,BACKTESTING.121,BACKTESTING.123,BTCUSDT_SWAP_OKX,GLOBAL,多,开,97880.0,0.01,BACKTESTING,121,123
2025-02-13 05:47:00+08:00,BACKTESTING.122,BACKTESTING.124,BTCUSDT_SWAP_OKX,GLOBAL,空,平,97735.6,0.01,BACKTESTING,122,124
2025-02-13 06:21:00+08:00,BACKTESTING.123,BACKTESTING.125,BTCUSDT_SWAP_OKX,GLOBAL,多,开,97871.3,0.01,BACKTESTING,123,125
2025-02-13 06:35:00+08:00,BACKTESTING.124,BACKTESTING.126,BTCUSDT_SWAP_OKX,GLOBAL,空,平,97611.0,0.01,BACKTESTING,124,126
2025-02-13 13:03:00+08:00,BACKTESTING.125,BACKTESTING.127,BTCUSDT_SWAP_OKX,GLOBAL,空,开,96725.0,0.01,BACKTESTING,125,127
2025-02-13 13:14:00+08:00,BACKTESTING.126,BACKTESTING.128,BTCUSDT_SWAP_OKX,GLOBAL,多,平,96799.4,0.01,BACKTESTING,126,128
2025-02-20 01:05:00+08:00,BACKTESTING.127,BACKTESTING.129,BTCUSDT_SWAP_OKX,GLOBAL,多,开,96450.0,0.01,BACKTESTING,127,129
2025-02-20 01:12:00+08:00,BACKTESTING.128,BACKTESTING.130,BTCUSDT_SWAP_OKX,GLOBAL,空,平,96300.7,0.01,BACKTESTING,128,130
2025-02-20 02:35:00+08:00,BACKTESTING.129,BACKTESTING.131,BTCUSDT_SWAP_OKX,GLOBAL,空,开,95840.0,0.01,BACKTESTING,129,131
2025-02-20 02:55:00+08:00,BACKTESTING.130,BACKTESTING.132,BTCUSDT_SWAP_OKX,GLOBAL,多,平,95649.9,0.01,BACKTESTING,130,132
2025-02-20 03:12:00+08:00,BACKTESTING.131,BACKTESTING.133,BTCUSDT_SWAP_OKX,GLOBAL,空,开,95423.0,0.01,BACKTESTING,131,133
2025-02-20 03:14:00+08:00,BACKTESTING.132,BACKTESTING.134,BTCUSDT_SWAP_OKX,GLOBAL,多,平,95658.5,0.01,BACKTESTING,132,134
2025-02-20 07:02:00+08:00,BACKTESTING.133,BACKTESTING.135,BTCUSDT_SWAP_OKX,GLOBAL,多,开,97526.1,0.01,BACKTESTING,133,135
2025-02-20 07:03:00+08:00,BACKTESTING.134,BACKTESTING.136,BTCUSDT_SWAP_OKX,GLOBAL,空,平,96801.4,0.01,BACKTESTING,134,136
2025-02-20 20:10:00+08:00,BACKTESTING.135,BACKTESTING.137,BTCUSDT_SWAP_OKX,GLOBAL,多,开,97445.0,0.01,BACKTESTING,135,137
2025-02-20 20:12:00+08:00,BACKTESTING.136,BACKTESTING.138,BTCUSDT_SWAP_OKX,GLOBAL,空,平,97364.7,0.01,BACKTESTING,136,138
2025-02-20 22:34:00+08:00,BACKTESTING.137,BACKTESTING.139,BTCUSDT_SWAP_OKX,GLOBAL,多,开,98026.2,0.01,BACKTESTING,137,139
2025-02-20 22:38:00+08:00,BACKTESTING.138,BACKTESTING.140,BTCUSDT_SWAP_OKX,GLOBAL,空,平,97869.5,0.01,BACKTESTING,138,140
2025-02-27 00:17:00+08:00,BACKTESTING.139,BACKTESTING.141,BTCUSDT_SWAP_OKX,GLOBAL,空,开,86447.7,0.01,BACKTESTING,139,141
2025-02-27 00:23:00+08:00,BACKTESTING.140,BACKTESTING.142,BTCUSDT_SWAP_OKX,GLOBAL,多,平,86751.6,0.01,BACKTESTING,140,142
2025-02-27 01:21:00+08:00,BACKTESTING.141,BACKTESTING.143,BTCUSDT_SWAP_OKX,GLOBAL,空,开,85738.3,0.01,BACKTESTING,141,143
2025-02-27 01:22:00+08:00,BACKTESTING.142,BACKTESTING.144,BTCUSDT_SWAP_OKX,GLOBAL,多,平,86817.1,0.01,BACKTESTING,142,144
2025-02-27 01:54:00+08:00,BACKTESTING.143,BACKTESTING.145,BTCUSDT_SWAP_OKX,GLOBAL,空,开,85899.9,0.01,BACKTESTING,143,145
2025-02-27 02:01:00+08:00,BACKTESTING.144,BACKTESTING.146,BTCUSDT_SWAP_OKX,GLOBAL,多,平,86274.1,0.01,BACKTESTING,144,146
2025-02-27 02:29:00+08:00,BACKTESTING.145,BACKTESTING.147,BTCUSDT_SWAP_OKX,GLOBAL,空,开,85434.4,0.01,BACKTESTING,145,147
2025-02-27 02:33:00+08:00,BACKTESTING.146,BACKTESTING.148,BTCUSDT_SWAP_OKX,GLOBAL,多,平,84251.9,0.01,BACKTESTING,146,148
2025-02-27 02:59:00+08:00,BACKTESTING.147,BACKTESTING.149,BTCUSDT_SWAP_OKX,GLOBAL,空,开,83032.9,0.01,BACKTESTING,147,149
2025-02-27 03:00:00+08:00,BACKTESTING.148,BACKTESTING.150,BTCUSDT_SWAP_OKX,GLOBAL,多,平,84270.0,0.01,BACKTESTING,148,150
2025-02-27 03:45:00+08:00,BACKTESTING.149,BACKTESTING.151,BTCUSDT_SWAP_OKX,GLOBAL,空,开,84019.9,0.01,BACKTESTING,149,151
2025-02-27 03:55:00+08:00,BACKTESTING.150,BACKTESTING.153,BTCUSDT_SWAP_OKX,GLOBAL,多,平,84095.5,0.01,BACKTESTING,150,153
2025-02-27 04:17:00+08:00,BACKTESTING.151,BACKTESTING.154,BTCUSDT_SWAP_OKX,GLOBAL,空,开,81852.1,0.01,BACKTESTING,151,154
2025-02-27 04:18:00+08:00,BACKTESTING.152,BACKTESTING.155,BTCUSDT_SWAP_OKX,GLOBAL,多,平,82785.6,0.01,BACKTESTING,152,155
2025-02-27 06:33:00+08:00,BACKTESTING.153,BACKTESTING.156,BTCUSDT_SWAP_OKX,GLOBAL,空,开,84291.4,0.01,BACKTESTING,153,156
2025-02-27 06:39:00+08:00,BACKTESTING.154,BACKTESTING.157,BTCUSDT_SWAP_OKX,GLOBAL,多,平,84400.1,0.01,BACKTESTING,154,157
2025-02-27 07:21:00+08:00,BACKTESTING.155,BACKTESTING.158,BTCUSDT_SWAP_OKX,GLOBAL,空,开,84118.0,0.01,BACKTESTING,155,158
2025-02-27 07:27:00+08:00,BACKTESTING.156,BACKTESTING.159,BTCUSDT_SWAP_OKX,GLOBAL,多,平,84207.9,0.01,BACKTESTING,156,159
2025-02-27 08:33:00+08:00,BACKTESTING.157,BACKTESTING.160,BTCUSDT_SWAP_OKX,GLOBAL,空,开,84022.7,0.01,BACKTESTING,157,160
2025-02-27 08:39:00+08:00,BACKTESTING.158,BACKTESTING.161,BTCUSDT_SWAP_OKX,GLOBAL,多,平,84307.5,0.01,BACKTESTING,158,161
2025-03-06 00:12:00+08:00,BACKTESTING.159,BACKTESTING.162,BTCUSDT_SWAP_OKX,GLOBAL,空,开,87771.7,0.01,BACKTESTING,159,162
2025-03-06 00:22:00+08:00,BACKTESTING.160,BACKTESTING.163,BTCUSDT_SWAP_OKX,GLOBAL,多,平,88231.4,0.01,BACKTESTING,160,163
2025-03-06 01:30:00+08:00,BACKTESTING.161,BACKTESTING.164,BTCUSDT_SWAP_OKX,GLOBAL,多,开,90040.3,0.01,BACKTESTING,161,164
2025-03-06 01:37:00+08:00,BACKTESTING.162,BACKTESTING.165,BTCUSDT_SWAP_OKX,GLOBAL,空,平,89735.7,0.01,BACKTESTING,162,165
2025-03-06 04:09:00+08:00,BACKTESTING.163,BACKTESTING.166,BTCUSDT_SWAP_OKX,GLOBAL,多,开,90261.4,0.01,BACKTESTING,163,166
2025-03-06 04:11:00+08:00,BACKTESTING.164,BACKTESTING.167,BTCUSDT_SWAP_OKX,GLOBAL,空,平,90019.9,0.01,BACKTESTING,164,167
2025-03-06 05:11:00+08:00,BACKTESTING.165,BACKTESTING.168,BTCUSDT_SWAP_OKX,GLOBAL,多,开,90634.5,0.01,BACKTESTING,165,168
2025-03-06 05:13:00+08:00,BACKTESTING.166,BACKTESTING.169,BTCUSDT_SWAP_OKX,GLOBAL,空,平,90414.5,0.01,BACKTESTING,166,169
2025-03-06 05:54:00+08:00,BACKTESTING.167,BACKTESTING.170,BTCUSDT_SWAP_OKX,GLOBAL,多,开,90377.9,0.01,BACKTESTING,167,170
2025-03-06 06:04:00+08:00,BACKTESTING.168,BACKTESTING.171,BTCUSDT_SWAP_OKX,GLOBAL,空,平,90236.2,0.01,BACKTESTING,168,171
2025-03-06 07:46:00+08:00,BACKTESTING.169,BACKTESTING.172,BTCUSDT_SWAP_OKX,GLOBAL,多,开,90980.7,0.01,BACKTESTING,169,172
2025-03-06 07:47:00+08:00,BACKTESTING.170,BACKTESTING.173,BTCUSDT_SWAP_OKX,GLOBAL,空,平,90800.0,0.01,BACKTESTING,170,173
2025-03-06 09:44:00+08:00,BACKTESTING.171,BACKTESTING.174,BTCUSDT_SWAP_OKX,GLOBAL,多,开,90614.1,0.01,BACKTESTING,171,174
2025-03-06 09:48:00+08:00,BACKTESTING.172,BACKTESTING.175,BTCUSDT_SWAP_OKX,GLOBAL,空,平,91400.0,0.01,BACKTESTING,172,175
2025-03-06 10:51:00+08:00,BACKTESTING.173,BACKTESTING.176,BTCUSDT_SWAP_OKX,GLOBAL,多,开,92000.0,0.01,BACKTESTING,173,176
2025-03-06 10:54:00+08:00,BACKTESTING.174,BACKTESTING.177,BTCUSDT_SWAP_OKX,GLOBAL,空,平,91780.0,0.01,BACKTESTING,174,177
2025-03-06 12:02:00+08:00,BACKTESTING.175,BACKTESTING.178,BTCUSDT_SWAP_OKX,GLOBAL,多,开,91750.0,0.01,BACKTESTING,175,178
2025-03-06 12:05:00+08:00,BACKTESTING.176,BACKTESTING.179,BTCUSDT_SWAP_OKX,GLOBAL,空,平,91583.2,0.01,BACKTESTING,176,179
2025-03-06 12:43:00+08:00,BACKTESTING.177,BACKTESTING.181,BTCUSDT_SWAP_OKX,GLOBAL,多,开,92009.9,0.01,BACKTESTING,177,181
2025-03-06 12:45:00+08:00,BACKTESTING.178,BACKTESTING.182,BTCUSDT_SWAP_OKX,GLOBAL,空,平,92147.9,0.01,BACKTESTING,178,182
2025-03-13 00:45:00+08:00,BACKTESTING.179,BACKTESTING.183,BTCUSDT_SWAP_OKX,GLOBAL,空,开,81660.0,0.01,BACKTESTING,179,183
2025-03-13 00:48:00+08:00,BACKTESTING.180,BACKTESTING.184,BTCUSDT_SWAP_OKX,GLOBAL,多,平,81979.8,0.01,BACKTESTING,180,184
2025-03-13 03:12:00+08:00,BACKTESTING.181,BACKTESTING.185,BTCUSDT_SWAP_OKX,GLOBAL,多,开,82868.5,0.01,BACKTESTING,181,185
2025-03-13 03:23:00+08:00,BACKTESTING.182,BACKTESTING.186,BTCUSDT_SWAP_OKX,GLOBAL,空,平,82787.6,0.01,BACKTESTING,182,186
2025-03-13 03:56:00+08:00,BACKTESTING.183,BACKTESTING.187,BTCUSDT_SWAP_OKX,GLOBAL,多,开,83073.6,0.01,BACKTESTING,183,187
2025-03-13 04:00:00+08:00,BACKTESTING.184,BACKTESTING.188,BTCUSDT_SWAP_OKX,GLOBAL,空,平,82924.0,0.01,BACKTESTING,184,188
2025-03-13 04:32:00+08:00,BACKTESTING.185,BACKTESTING.189,BTCUSDT_SWAP_OKX,GLOBAL,多,开,82986.3,0.01,BACKTESTING,185,189
2025-03-13 04:52:00+08:00,BACKTESTING.186,BACKTESTING.190,BTCUSDT_SWAP_OKX,GLOBAL,空,平,83118.1,0.01,BACKTESTING,186,190
2025-03-13 06:25:00+08:00,BACKTESTING.187,BACKTESTING.191,BTCUSDT_SWAP_OKX,GLOBAL,多,开,83526.3,0.01,BACKTESTING,187,191
2025-03-13 06:45:00+08:00,BACKTESTING.188,BACKTESTING.192,BTCUSDT_SWAP_OKX,GLOBAL,空,平,83617.4,0.01,BACKTESTING,188,192
2025-03-13 09:33:00+08:00,BACKTESTING.189,BACKTESTING.193,BTCUSDT_SWAP_OKX,GLOBAL,多,开,83856.5,0.01,BACKTESTING,189,193
2025-03-13 09:40:00+08:00,BACKTESTING.190,BACKTESTING.194,BTCUSDT_SWAP_OKX,GLOBAL,空,平,83700.1,0.01,BACKTESTING,190,194
2025-03-13 09:51:00+08:00,BACKTESTING.191,BACKTESTING.195,BTCUSDT_SWAP_OKX,GLOBAL,多,开,83933.8,0.01,BACKTESTING,191,195
2025-03-13 09:52:00+08:00,BACKTESTING.192,BACKTESTING.196,BTCUSDT_SWAP_OKX,GLOBAL,空,平,84116.1,0.01,BACKTESTING,192,196
2025-03-13 11:17:00+08:00,BACKTESTING.193,BACKTESTING.197,BTCUSDT_SWAP_OKX,GLOBAL,多,开,84129.6,0.01,BACKTESTING,193,197
2025-03-13 11:28:00+08:00,BACKTESTING.194,BACKTESTING.198,BTCUSDT_SWAP_OKX,GLOBAL,空,平,83960.0,0.01,BACKTESTING,194,198
2025-03-13 12:35:00+08:00,BACKTESTING.195,BACKTESTING.199,BTCUSDT_SWAP_OKX,GLOBAL,空,开,82751.7,0.01,BACKTESTING,195,199
2025-03-13 12:36:00+08:00,BACKTESTING.196,BACKTESTING.200,BTCUSDT_SWAP_OKX,GLOBAL,多,平,83396.1,0.01,BACKTESTING,196,200
2025-03-13 13:37:00+08:00,BACKTESTING.197,BACKTESTING.201,BTCUSDT_SWAP_OKX,GLOBAL,空,开,83246.1,0.01,BACKTESTING,197,201
2025-03-13 13:47:00+08:00,BACKTESTING.198,BACKTESTING.202,BTCUSDT_SWAP_OKX,GLOBAL,多,平,83208.8,0.01,BACKTESTING,198,202
2025-03-20 02:53:00+08:00,BACKTESTING.199,BACKTESTING.203,BTCUSDT_SWAP_OKX,GLOBAL,多,开,84946.0,0.01,BACKTESTING,199,203
2025-03-20 02:54:00+08:00,BACKTESTING.200,BACKTESTING.204,BTCUSDT_SWAP_OKX,GLOBAL,空,平,86166.0,0.01,BACKTESTING,200,204
2025-03-20 04:03:00+08:00,BACKTESTING.201,BACKTESTING.205,BTCUSDT_SWAP_OKX,GLOBAL,多,开,85522.1,0.01,BACKTESTING,201,205
2025-03-20 04:18:00+08:00,BACKTESTING.202,BACKTESTING.206,BTCUSDT_SWAP_OKX,GLOBAL,空,平,85795.7,0.01,BACKTESTING,202,206
2025-03-20 06:42:00+08:00,BACKTESTING.203,BACKTESTING.207,BTCUSDT_SWAP_OKX,GLOBAL,多,开,87265.1,0.01,BACKTESTING,203,207
2025-03-20 06:43:00+08:00,BACKTESTING.204,BACKTESTING.208,BTCUSDT_SWAP_OKX,GLOBAL,空,平,87999.9,0.01,BACKTESTING,204,208
2025-03-20 07:24:00+08:00,BACKTESTING.205,BACKTESTING.209,BTCUSDT_SWAP_OKX,GLOBAL,多,开,86488.9,0.01,BACKTESTING,205,209
2025-03-20 07:30:00+08:00,BACKTESTING.206,BACKTESTING.210,BTCUSDT_SWAP_OKX,GLOBAL,空,平,86808.0,0.01,BACKTESTING,206,210
2025-03-20 08:03:00+08:00,BACKTESTING.207,BACKTESTING.211,BTCUSDT_SWAP_OKX,GLOBAL,多,开,87109.6,0.01,BACKTESTING,207,211
2025-03-20 08:05:00+08:00,BACKTESTING.208,BACKTESTING.212,BTCUSDT_SWAP_OKX,GLOBAL,空,平,87305.7,0.01,BACKTESTING,208,212
2025-03-20 16:50:00+08:00,BACKTESTING.209,BACKTESTING.213,BTCUSDT_SWAP_OKX,GLOBAL,多,开,86746.0,0.01,BACKTESTING,209,213
2025-03-20 16:52:00+08:00,BACKTESTING.210,BACKTESTING.214,BTCUSDT_SWAP_OKX,GLOBAL,空,平,86295.9,0.01,BACKTESTING,210,214
2025-03-20 19:07:00+08:00,BACKTESTING.211,BACKTESTING.215,BTCUSDT_SWAP_OKX,GLOBAL,空,开,84339.9,0.01,BACKTESTING,211,215
2025-03-20 19:08:00+08:00,BACKTESTING.212,BACKTESTING.216,BTCUSDT_SWAP_OKX,GLOBAL,多,平,85241.3,0.01,BACKTESTING,212,216
2025-03-20 22:17:00+08:00,BACKTESTING.213,BACKTESTING.217,BTCUSDT_SWAP_OKX,GLOBAL,多,开,86173.3,0.01,BACKTESTING,213,217
2025-03-20 22:31:00+08:00,BACKTESTING.214,BACKTESTING.218,BTCUSDT_SWAP_OKX,GLOBAL,空,平,86229.9,0.01,BACKTESTING,214,218
2025-03-27 00:54:00+08:00,BACKTESTING.215,BACKTESTING.219,BTCUSDT_SWAP_OKX,GLOBAL,空,开,86625.1,0.01,BACKTESTING,215,219
2025-03-27 01:03:00+08:00,BACKTESTING.216,BACKTESTING.220,BTCUSDT_SWAP_OKX,GLOBAL,多,平,86597.8,0.01,BACKTESTING,216,220
2025-03-27 02:59:00+08:00,BACKTESTING.217,BACKTESTING.221,BTCUSDT_SWAP_OKX,GLOBAL,空,开,86218.7,0.01,BACKTESTING,217,221
2025-03-27 03:03:00+08:00,BACKTESTING.218,BACKTESTING.222,BTCUSDT_SWAP_OKX,GLOBAL,多,平,86324.0,0.01,BACKTESTING,218,222
2025-03-27 03:13:00+08:00,BACKTESTING.219,BACKTESTING.223,BTCUSDT_SWAP_OKX,GLOBAL,空,开,85895.9,0.01,BACKTESTING,219,223
2025-03-27 03:17:00+08:00,BACKTESTING.220,BACKTESTING.224,BTCUSDT_SWAP_OKX,GLOBAL,多,平,86029.4,0.01,BACKTESTING,220,224
2025-03-27 19:27:00+08:00,BACKTESTING.221,BACKTESTING.225,BTCUSDT_SWAP_OKX,GLOBAL,空,开,86535.1,0.01,BACKTESTING,221,225
2025-03-27 19:28:00+08:00,BACKTESTING.222,BACKTESTING.226,BTCUSDT_SWAP_OKX,GLOBAL,多,平,86977.8,0.01,BACKTESTING,222,226
2025-03-27 21:19:00+08:00,BACKTESTING.223,BACKTESTING.227,BTCUSDT_SWAP_OKX,GLOBAL,空,开,86543.1,0.01,BACKTESTING,223,227
2025-03-27 21:26:00+08:00,BACKTESTING.224,BACKTESTING.228,BTCUSDT_SWAP_OKX,GLOBAL,多,平,86200.0,0.01,BACKTESTING,224,228
2025-03-27 21:38:00+08:00,BACKTESTING.225,BACKTESTING.229,BTCUSDT_SWAP_OKX,GLOBAL,空,开,85913.0,0.01,BACKTESTING,225,229
2025-03-27 21:50:00+08:00,BACKTESTING.226,BACKTESTING.230,BTCUSDT_SWAP_OKX,GLOBAL,多,平,86162.0,0.01,BACKTESTING,226,230
2025-04-03 00:52:00+08:00,BACKTESTING.227,BACKTESTING.231,BTCUSDT_SWAP_OKX,GLOBAL,多,开,87167.1,0.01,BACKTESTING,227,231
2025-04-03 00:56:00+08:00,BACKTESTING.228,BACKTESTING.232,BTCUSDT_SWAP_OKX,GLOBAL,空,平,87014.1,0.01,BACKTESTING,228,232
2025-04-03 01:13:00+08:00,BACKTESTING.229,BACKTESTING.233,BTCUSDT_SWAP_OKX,GLOBAL,多,开,87262.1,0.01,BACKTESTING,229,233
2025-04-03 01:23:00+08:00,BACKTESTING.230,BACKTESTING.234,BTCUSDT_SWAP_OKX,GLOBAL,空,平,86931.8,0.01,BACKTESTING,230,234
2025-04-03 02:43:00+08:00,BACKTESTING.231,BACKTESTING.235,BTCUSDT_SWAP_OKX,GLOBAL,多,开,86644.6,0.01,BACKTESTING,231,235
2025-04-03 02:53:00+08:00,BACKTESTING.232,BACKTESTING.236,BTCUSDT_SWAP_OKX,GLOBAL,空,平,86528.0,0.01,BACKTESTING,232,236
2025-04-03 04:15:00+08:00,BACKTESTING.233,BACKTESTING.237,BTCUSDT_SWAP_OKX,GLOBAL,多,开,89077.9,0.01,BACKTESTING,233,237
2025-04-03 04:20:00+08:00,BACKTESTING.234,BACKTESTING.238,BTCUSDT_SWAP_OKX,GLOBAL,空,平,87926.1,0.01,BACKTESTING,234,238
2025-04-03 05:06:00+08:00,BACKTESTING.235,BACKTESTING.239,BTCUSDT_SWAP_OKX,GLOBAL,空,开,85088.5,0.01,BACKTESTING,235,239
2025-04-03 05:19:00+08:00,BACKTESTING.236,BACKTESTING.240,BTCUSDT_SWAP_OKX,GLOBAL,多,平,84260.8,0.01,BACKTESTING,236,240
2025-04-03 06:04:00+08:00,BACKTESTING.237,BACKTESTING.241,BTCUSDT_SWAP_OKX,GLOBAL,空,开,84258.5,0.01,BACKTESTING,237,241
2025-04-03 06:11:00+08:00,BACKTESTING.238,BACKTESTING.242,BTCUSDT_SWAP_OKX,GLOBAL,多,平,83755.8,0.01,BACKTESTING,238,242
2025-04-03 06:31:00+08:00,BACKTESTING.239,BACKTESTING.243,BTCUSDT_SWAP_OKX,GLOBAL,空,开,83268.7,0.01,BACKTESTING,239,243
2025-04-03 06:45:00+08:00,BACKTESTING.240,BACKTESTING.244,BTCUSDT_SWAP_OKX,GLOBAL,多,平,82739.8,0.01,BACKTESTING,240,244
2025-04-03 07:01:00+08:00,BACKTESTING.241,BACKTESTING.245,BTCUSDT_SWAP_OKX,GLOBAL,空,开,82566.9,0.01,BACKTESTING,241,245
2025-04-03 07:06:00+08:00,BACKTESTING.242,BACKTESTING.246,BTCUSDT_SWAP_OKX,GLOBAL,多,平,82622.5,0.01,BACKTESTING,242,246
2025-04-03 08:02:00+08:00,BACKTESTING.243,BACKTESTING.247,BTCUSDT_SWAP_OKX,GLOBAL,空,开,82413.5,0.01,BACKTESTING,243,247
2025-04-03 08:04:00+08:00,BACKTESTING.244,BACKTESTING.248,BTCUSDT_SWAP_OKX,GLOBAL,多,平,81364.8,0.01,BACKTESTING,244,248
2025-04-03 10:27:00+08:00,BACKTESTING.245,BACKTESTING.249,BTCUSDT_SWAP_OKX,GLOBAL,空,开,83316.8,0.01,BACKTESTING,245,249
2025-04-03 10:38:00+08:00,BACKTESTING.246,BACKTESTING.250,BTCUSDT_SWAP_OKX,GLOBAL,多,平,83525.6,0.01,BACKTESTING,246,250
2025-04-10 00:12:00+08:00,BACKTESTING.247,BACKTESTING.251,BTCUSDT_SWAP_OKX,GLOBAL,多,开,77681.2,0.01,BACKTESTING,247,251
2025-04-10 00:21:00+08:00,BACKTESTING.248,BACKTESTING.252,BTCUSDT_SWAP_OKX,GLOBAL,空,平,77666.0,0.01,BACKTESTING,248,252
2025-04-10 00:51:00+08:00,BACKTESTING.249,BACKTESTING.253,BTCUSDT_SWAP_OKX,GLOBAL,多,开,78200.0,0.01,BACKTESTING,249,253
2025-04-10 00:53:00+08:00,BACKTESTING.250,BACKTESTING.254,BTCUSDT_SWAP_OKX,GLOBAL,空,平,77963.9,0.01,BACKTESTING,250,254
2025-04-10 01:03:00+08:00,BACKTESTING.251,BACKTESTING.255,BTCUSDT_SWAP_OKX,GLOBAL,多,开,78601.8,0.01,BACKTESTING,251,255
2025-04-10 01:09:00+08:00,BACKTESTING.252,BACKTESTING.256,BTCUSDT_SWAP_OKX,GLOBAL,空,平,78365.6,0.01,BACKTESTING,252,256
2025-04-10 01:22:00+08:00,BACKTESTING.253,BACKTESTING.257,BTCUSDT_SWAP_OKX,GLOBAL,多,开,79604.0,0.01,BACKTESTING,253,257
2025-04-10 01:24:00+08:00,BACKTESTING.254,BACKTESTING.258,BTCUSDT_SWAP_OKX,GLOBAL,空,平,80754.2,0.01,BACKTESTING,254,258
2025-04-10 02:00:00+08:00,BACKTESTING.255,BACKTESTING.259,BTCUSDT_SWAP_OKX,GLOBAL,多,开,82192.7,0.01,BACKTESTING,255,259
2025-04-10 02:03:00+08:00,BACKTESTING.256,BACKTESTING.260,BTCUSDT_SWAP_OKX,GLOBAL,空,平,81708.2,0.01,BACKTESTING,256,260
2025-04-10 02:19:00+08:00,BACKTESTING.257,BACKTESTING.261,BTCUSDT_SWAP_OKX,GLOBAL,多,开,82450.0,0.01,BACKTESTING,257,261
2025-04-10 02:34:00+08:00,BACKTESTING.258,BACKTESTING.262,BTCUSDT_SWAP_OKX,GLOBAL,空,平,82369.0,0.01,BACKTESTING,258,262
2025-04-10 03:22:00+08:00,BACKTESTING.259,BACKTESTING.263,BTCUSDT_SWAP_OKX,GLOBAL,多,开,82432.0,0.01,BACKTESTING,259,263
2025-04-10 03:38:00+08:00,BACKTESTING.260,BACKTESTING.264,BTCUSDT_SWAP_OKX,GLOBAL,空,平,82269.3,0.01,BACKTESTING,260,264
2025-04-10 04:41:00+08:00,BACKTESTING.261,BACKTESTING.265,BTCUSDT_SWAP_OKX,GLOBAL,多,开,82524.5,0.01,BACKTESTING,261,265
2025-04-10 04:54:00+08:00,BACKTESTING.262,BACKTESTING.266,BTCUSDT_SWAP_OKX,GLOBAL,空,平,82950.6,0.01,BACKTESTING,262,266
2025-04-10 06:01:00+08:00,BACKTESTING.263,BACKTESTING.267,BTCUSDT_SWAP_OKX,GLOBAL,多,开,83417.8,0.01,BACKTESTING,263,267
2025-04-10 06:06:00+08:00,BACKTESTING.264,BACKTESTING.268,BTCUSDT_SWAP_OKX,GLOBAL,空,平,83188.1,0.01,BACKTESTING,264,268
2025-04-10 08:41:00+08:00,BACKTESTING.265,BACKTESTING.269,BTCUSDT_SWAP_OKX,GLOBAL,空,开,82237.6,0.01,BACKTESTING,265,269
2025-04-10 08:48:00+08:00,BACKTESTING.266,BACKTESTING.270,BTCUSDT_SWAP_OKX,GLOBAL,多,平,82240.1,0.01,BACKTESTING,266,270
2025-04-17 00:52:00+08:00,BACKTESTING.267,BACKTESTING.271,BTCUSDT_SWAP_OKX,GLOBAL,多,开,85025.9,0.01,BACKTESTING,267,271
2025-04-17 00:59:00+08:00,BACKTESTING.268,BACKTESTING.272,BTCUSDT_SWAP_OKX,GLOBAL,空,平,85058.0,0.01,BACKTESTING,268,272
2025-04-17 01:20:00+08:00,BACKTESTING.269,BACKTESTING.273,BTCUSDT_SWAP_OKX,GLOBAL,多,开,85354.4,0.01,BACKTESTING,269,273
2025-04-17 01:21:00+08:00,BACKTESTING.270,BACKTESTING.274,BTCUSDT_SWAP_OKX,GLOBAL,空,平,85300.3,0.01,BACKTESTING,270,274
2025-04-17 08:01:00+08:00,BACKTESTING.271,BACKTESTING.275,BTCUSDT_SWAP_OKX,GLOBAL,空,开,83994.0,0.01,BACKTESTING,271,275
2025-04-17 08:21:00+08:00,BACKTESTING.272,BACKTESTING.276,BTCUSDT_SWAP_OKX,GLOBAL,多,平,83943.9,0.01,BACKTESTING,272,276
2025-04-17 22:04:00+08:00,BACKTESTING.273,BACKTESTING.277,BTCUSDT_SWAP_OKX,GLOBAL,空,开,84280.5,0.01,BACKTESTING,273,277
2025-04-17 22:24:00+08:00,BACKTESTING.274,BACKTESTING.278,BTCUSDT_SWAP_OKX,GLOBAL,多,平,84124.7,0.01,BACKTESTING,274,278
2025-04-17 22:35:00+08:00,BACKTESTING.275,BACKTESTING.279,BTCUSDT_SWAP_OKX,GLOBAL,空,开,83934.1,0.01,BACKTESTING,275,279
2025-04-17 22:41:00+08:00,BACKTESTING.276,BACKTESTING.280,BTCUSDT_SWAP_OKX,GLOBAL,多,平,83955.1,0.01,BACKTESTING,276,280
2025-04-24 01:58:00+08:00,BACKTESTING.277,BACKTESTING.281,BTCUSDT_SWAP_OKX,GLOBAL,多,开,93961.6,0.01,BACKTESTING,277,281
2025-04-24 02:14:00+08:00,BACKTESTING.278,BACKTESTING.282,BTCUSDT_SWAP_OKX,GLOBAL,空,平,94104.1,0.01,BACKTESTING,278,282
2025-04-24 03:27:00+08:00,BACKTESTING.279,BACKTESTING.283,BTCUSDT_SWAP_OKX,GLOBAL,空,开,93002.8,0.01,BACKTESTING,279,283
2025-04-24 03:32:00+08:00,BACKTESTING.280,BACKTESTING.284,BTCUSDT_SWAP_OKX,GLOBAL,多,平,93159.6,0.01,BACKTESTING,280,284
2025-04-24 08:29:00+08:00,BACKTESTING.281,BACKTESTING.285,BTCUSDT_SWAP_OKX,GLOBAL,空,开,93302.9,0.01,BACKTESTING,281,285
2025-04-24 08:35:00+08:00,BACKTESTING.282,BACKTESTING.286,BTCUSDT_SWAP_OKX,GLOBAL,多,平,93432.1,0.01,BACKTESTING,282,286
2025-04-24 09:14:00+08:00,BACKTESTING.283,BACKTESTING.287,BTCUSDT_SWAP_OKX,GLOBAL,空,开,93228.9,0.01,BACKTESTING,283,287
2025-04-24 09:28:00+08:00,BACKTESTING.284,BACKTESTING.288,BTCUSDT_SWAP_OKX,GLOBAL,多,平,93280.1,0.01,BACKTESTING,284,288
2025-04-24 10:57:00+08:00,BACKTESTING.285,BACKTESTING.289,BTCUSDT_SWAP_OKX,GLOBAL,空,开,93069.1,0.01,BACKTESTING,285,289
2025-04-24 11:01:00+08:00,BACKTESTING.286,BACKTESTING.290,BTCUSDT_SWAP_OKX,GLOBAL,多,平,93224.3,0.01,BACKTESTING,286,290
2025-04-24 11:42:00+08:00,BACKTESTING.287,BACKTESTING.291,BTCUSDT_SWAP_OKX,GLOBAL,空,开,92523.8,0.01,BACKTESTING,287,291
2025-04-24 11:43:00+08:00,BACKTESTING.288,BACKTESTING.292,BTCUSDT_SWAP_OKX,GLOBAL,多,平,92879.2,0.01,BACKTESTING,288,292
2025-04-24 15:38:00+08:00,BACKTESTING.289,BACKTESTING.293,BTCUSDT_SWAP_OKX,GLOBAL,空,开,92231.2,0.01,BACKTESTING,289,293
2025-04-24 15:58:00+08:00,BACKTESTING.290,BACKTESTING.294,BTCUSDT_SWAP_OKX,GLOBAL,多,平,92133.3,0.01,BACKTESTING,290,294
2025-04-24 16:29:00+08:00,BACKTESTING.291,BACKTESTING.295,BTCUSDT_SWAP_OKX,GLOBAL,空,开,91926.1,0.01,BACKTESTING,291,295
2025-04-24 16:33:00+08:00,BACKTESTING.292,BACKTESTING.296,BTCUSDT_SWAP_OKX,GLOBAL,多,平,91987.8,0.01,BACKTESTING,292,296
2025-04-24 21:33:00+08:00,BACKTESTING.293,BACKTESTING.297,BTCUSDT_SWAP_OKX,GLOBAL,多,开,93514.8,0.01,BACKTESTING,293,297
2025-04-24 21:34:00+08:00,BACKTESTING.294,BACKTESTING.298,BTCUSDT_SWAP_OKX,GLOBAL,空,平,92814.5,0.01,BACKTESTING,294,298
2025-04-24 22:42:00+08:00,BACKTESTING.295,BACKTESTING.299,BTCUSDT_SWAP_OKX,GLOBAL,多,开,93121.0,0.01,BACKTESTING,295,299
2025-04-24 22:57:00+08:00,BACKTESTING.296,BACKTESTING.300,BTCUSDT_SWAP_OKX,GLOBAL,空,平,93115.2,0.01,BACKTESTING,296,300
2025-05-01 00:17:00+08:00,BACKTESTING.297,BACKTESTING.301,BTCUSDT_SWAP_OKX,GLOBAL,空,开,93559.6,0.01,BACKTESTING,297,301
2025-05-01 00:22:00+08:00,BACKTESTING.298,BACKTESTING.302,BTCUSDT_SWAP_OKX,GLOBAL,多,平,93682.1,0.01,BACKTESTING,298,302
2025-05-01 02:08:00+08:00,BACKTESTING.299,BACKTESTING.303,BTCUSDT_SWAP_OKX,GLOBAL,多,开,94325.6,0.01,BACKTESTING,299,303
2025-05-01 02:22:00+08:00,BACKTESTING.300,BACKTESTING.304,BTCUSDT_SWAP_OKX,GLOBAL,空,平,94274.1,0.01,BACKTESTING,300,304
2025-05-01 18:17:00+08:00,BACKTESTING.301,BACKTESTING.305,BTCUSDT_SWAP_OKX,GLOBAL,多,开,95886.5,0.01,BACKTESTING,301,305
2025-05-01 18:33:00+08:00,BACKTESTING.302,BACKTESTING.306,BTCUSDT_SWAP_OKX,GLOBAL,空,平,96110.2,0.01,BACKTESTING,302,306
2025-05-01 18:53:00+08:00,BACKTESTING.303,BACKTESTING.307,BTCUSDT_SWAP_OKX,GLOBAL,多,开,96733.2,0.01,BACKTESTING,303,307
2025-05-01 18:54:00+08:00,BACKTESTING.304,BACKTESTING.308,BTCUSDT_SWAP_OKX,GLOBAL,空,平,96113.2,0.01,BACKTESTING,304,308
2025-05-01 21:24:00+08:00,BACKTESTING.305,BACKTESTING.309,BTCUSDT_SWAP_OKX,GLOBAL,多,开,97849.3,0.01,BACKTESTING,305,309
2025-05-01 21:25:00+08:00,BACKTESTING.306,BACKTESTING.310,BTCUSDT_SWAP_OKX,GLOBAL,空,平,98533.1,0.01,BACKTESTING,306,310
2025-05-01 22:37:00+08:00,BACKTESTING.307,BACKTESTING.312,BTCUSDT_SWAP_OKX,GLOBAL,多,开,96453.1,0.01,BACKTESTING,307,312
2025-05-01 22:44:00+08:00,BACKTESTING.308,BACKTESTING.313,BTCUSDT_SWAP_OKX,GLOBAL,空,平,96443.6,0.01,BACKTESTING,308,313
2025-05-01 22:59:00+08:00,BACKTESTING.309,BACKTESTING.314,BTCUSDT_SWAP_OKX,GLOBAL,多,开,97459.9,0.01,BACKTESTING,309,314
2025-05-01 23:00:00+08:00,BACKTESTING.310,BACKTESTING.315,BTCUSDT_SWAP_OKX,GLOBAL,空,平,98255.2,0.01,BACKTESTING,310,315
2025-05-08 02:49:00+08:00,BACKTESTING.311,BACKTESTING.316,BTCUSDT_SWAP_OKX,GLOBAL,空,开,96115.7,0.01,BACKTESTING,311,316
2025-05-08 02:56:00+08:00,BACKTESTING.312,BACKTESTING.317,BTCUSDT_SWAP_OKX,GLOBAL,多,平,96312.8,0.01,BACKTESTING,312,317
2025-05-08 03:26:00+08:00,BACKTESTING.313,BACKTESTING.318,BTCUSDT_SWAP_OKX,GLOBAL,空,开,96077.2,0.01,BACKTESTING,313,318
2025-05-08 03:35:00+08:00,BACKTESTING.314,BACKTESTING.319,BTCUSDT_SWAP_OKX,GLOBAL,多,平,95752.0,0.01,BACKTESTING,314,319
2025-05-08 08:58:00+08:00,BACKTESTING.315,BACKTESTING.320,BTCUSDT_SWAP_OKX,GLOBAL,多,开,98138.9,0.01,BACKTESTING,315,320
2025-05-08 08:59:00+08:00,BACKTESTING.316,BACKTESTING.321,BTCUSDT_SWAP_OKX,GLOBAL,空,平,97586.1,0.01,BACKTESTING,316,321
2025-05-08 10:26:00+08:00,BACKTESTING.317,BACKTESTING.322,BTCUSDT_SWAP_OKX,GLOBAL,多,开,98419.4,0.01,BACKTESTING,317,322
2025-05-08 10:46:00+08:00,BACKTESTING.318,BACKTESTING.323,BTCUSDT_SWAP_OKX,GLOBAL,空,平,98720.0,0.01,BACKTESTING,318,323
2025-05-08 11:45:00+08:00,BACKTESTING.319,BACKTESTING.324,BTCUSDT_SWAP_OKX,GLOBAL,多,开,99366.0,0.01,BACKTESTING,319,324
2025-05-08 11:46:00+08:00,BACKTESTING.320,BACKTESTING.325,BTCUSDT_SWAP_OKX,GLOBAL,空,平,100632.3,0.01,BACKTESTING,320,325
2025-05-08 16:08:00+08:00,BACKTESTING.321,BACKTESTING.326,BTCUSDT_SWAP_OKX,GLOBAL,多,开,100714.1,0.01,BACKTESTING,321,326
2025-05-08 16:09:00+08:00,BACKTESTING.322,BACKTESTING.327,BTCUSDT_SWAP_OKX,GLOBAL,空,平,101280.5,0.01,BACKTESTING,322,327
2025-05-08 23:25:00+08:00,BACKTESTING.323,BACKTESTING.328,BTCUSDT_SWAP_OKX,GLOBAL,多,开,102681.6,0.01,BACKTESTING,323,328
2025-05-08 23:31:00+08:00,BACKTESTING.324,BACKTESTING.329,BTCUSDT_SWAP_OKX,GLOBAL,空,平,102531.0,0.01,BACKTESTING,324,329
2025-05-08 23:41:00+08:00,BACKTESTING.325,BACKTESTING.330,BTCUSDT_SWAP_OKX,GLOBAL,多,开,103224.5,0.01,BACKTESTING,325,330
2025-05-08 23:46:00+08:00,BACKTESTING.326,BACKTESTING.331,BTCUSDT_SWAP_OKX,GLOBAL,空,平,103217.1,0.01,BACKTESTING,326,331
2025-05-15 00:37:00+08:00,BACKTESTING.327,BACKTESTING.332,BTCUSDT_SWAP_OKX,GLOBAL,空,开,103023.7,0.01,BACKTESTING,327,332
2025-05-15 00:39:00+08:00,BACKTESTING.328,BACKTESTING.333,BTCUSDT_SWAP_OKX,GLOBAL,多,平,103421.5,0.01,BACKTESTING,328,333
2025-05-15 01:13:00+08:00,BACKTESTING.329,BACKTESTING.334,BTCUSDT_SWAP_OKX,GLOBAL,空,开,103045.1,0.01,BACKTESTING,329,334
2025-05-15 01:27:00+08:00,BACKTESTING.330,BACKTESTING.335,BTCUSDT_SWAP_OKX,GLOBAL,多,平,102516.6,0.01,BACKTESTING,330,335
2025-05-15 09:53:00+08:00,BACKTESTING.331,BACKTESTING.336,BTCUSDT_SWAP_OKX,GLOBAL,空,开,103069.6,0.01,BACKTESTING,331,336
2025-05-15 10:10:00+08:00,BACKTESTING.332,BACKTESTING.337,BTCUSDT_SWAP_OKX,GLOBAL,多,平,103167.2,0.01,BACKTESTING,332,337
2025-05-15 10:43:00+08:00,BACKTESTING.333,BACKTESTING.338,BTCUSDT_SWAP_OKX,GLOBAL,空,开,102164.0,0.01,BACKTESTING,333,338
2025-05-15 10:44:00+08:00,BACKTESTING.334,BACKTESTING.339,BTCUSDT_SWAP_OKX,GLOBAL,多,平,102916.7,0.01,BACKTESTING,334,339
2025-05-15 12:07:00+08:00,BACKTESTING.335,BACKTESTING.340,BTCUSDT_SWAP_OKX,GLOBAL,空,开,102746.3,0.01,BACKTESTING,335,340
2025-05-15 12:22:00+08:00,BACKTESTING.336,BACKTESTING.341,BTCUSDT_SWAP_OKX,GLOBAL,多,平,102830.1,0.01,BACKTESTING,336,341
2025-05-15 13:36:00+08:00,BACKTESTING.337,BACKTESTING.342,BTCUSDT_SWAP_OKX,GLOBAL,空,开,102376.0,0.01,BACKTESTING,337,342
2025-05-15 13:37:00+08:00,BACKTESTING.338,BACKTESTING.343,BTCUSDT_SWAP_OKX,GLOBAL,多,平,101430.5,0.01,BACKTESTING,338,343
2025-05-15 14:39:00+08:00,BACKTESTING.339,BACKTESTING.344,BTCUSDT_SWAP_OKX,GLOBAL,空,开,102231.1,0.01,BACKTESTING,339,344
2025-05-15 14:56:00+08:00,BACKTESTING.340,BACKTESTING.345,BTCUSDT_SWAP_OKX,GLOBAL,多,平,102201.4,0.01,BACKTESTING,340,345
2025-05-15 17:23:00+08:00,BACKTESTING.341,BACKTESTING.346,BTCUSDT_SWAP_OKX,GLOBAL,空,开,101932.6,0.01,BACKTESTING,341,346
2025-05-15 17:34:00+08:00,BACKTESTING.342,BACKTESTING.347,BTCUSDT_SWAP_OKX,GLOBAL,多,平,100508.5,0.01,BACKTESTING,342,347
2025-05-15 20:35:00+08:00,BACKTESTING.343,BACKTESTING.348,BTCUSDT_SWAP_OKX,GLOBAL,多,开,102747.9,0.01,BACKTESTING,343,348
2025-05-15 20:38:00+08:00,BACKTESTING.344,BACKTESTING.349,BTCUSDT_SWAP_OKX,GLOBAL,空,平,102604.5,0.01,BACKTESTING,344,349
2025-05-15 22:36:00+08:00,BACKTESTING.345,BACKTESTING.350,BTCUSDT_SWAP_OKX,GLOBAL,空,开,101654.6,0.01,BACKTESTING,345,350
2025-05-15 22:38:00+08:00,BACKTESTING.346,BACKTESTING.351,BTCUSDT_SWAP_OKX,GLOBAL,多,平,101860.2,0.01,BACKTESTING,346,351
2025-05-22 00:34:00+08:00,BACKTESTING.347,BACKTESTING.352,BTCUSDT_SWAP_OKX,GLOBAL,多,开,109333.1,0.01,BACKTESTING,347,352
2025-05-22 00:35:00+08:00,BACKTESTING.348,BACKTESTING.353,BTCUSDT_SWAP_OKX,GLOBAL,空,平,110805.5,0.01,BACKTESTING,348,353
2025-05-22 01:55:00+08:00,BACKTESTING.349,BACKTESTING.354,BTCUSDT_SWAP_OKX,GLOBAL,空,开,106200.0,0.01,BACKTESTING,349,354
2025-05-22 02:05:00+08:00,BACKTESTING.350,BACKTESTING.355,BTCUSDT_SWAP_OKX,GLOBAL,多,平,106606.1,0.01,BACKTESTING,350,355
2025-05-22 04:40:00+08:00,BACKTESTING.351,BACKTESTING.356,BTCUSDT_SWAP_OKX,GLOBAL,多,开,109694.1,0.01,BACKTESTING,351,356
2025-05-22 04:56:00+08:00,BACKTESTING.352,BACKTESTING.357,BTCUSDT_SWAP_OKX,GLOBAL,空,平,110255.2,0.01,BACKTESTING,352,357
2025-05-22 05:35:00+08:00,BACKTESTING.353,BACKTESTING.358,BTCUSDT_SWAP_OKX,GLOBAL,多,开,110264.2,0.01,BACKTESTING,353,358
2025-05-22 05:36:00+08:00,BACKTESTING.354,BACKTESTING.359,BTCUSDT_SWAP_OKX,GLOBAL,空,平,109528.9,0.01,BACKTESTING,354,359
2025-05-22 06:32:00+08:00,BACKTESTING.355,BACKTESTING.360,BTCUSDT_SWAP_OKX,GLOBAL,多,开,108738.3,0.01,BACKTESTING,355,360
2025-05-22 06:41:00+08:00,BACKTESTING.356,BACKTESTING.361,BTCUSDT_SWAP_OKX,GLOBAL,空,平,108693.0,0.01,BACKTESTING,356,361
2025-05-22 07:14:00+08:00,BACKTESTING.357,BACKTESTING.362,BTCUSDT_SWAP_OKX,GLOBAL,多,开,109204.1,0.01,BACKTESTING,357,362
2025-05-22 07:19:00+08:00,BACKTESTING.358,BACKTESTING.363,BTCUSDT_SWAP_OKX,GLOBAL,空,平,109636.9,0.01,BACKTESTING,358,363
2025-05-22 08:11:00+08:00,BACKTESTING.359,BACKTESTING.364,BTCUSDT_SWAP_OKX,GLOBAL,多,开,109952.5,0.01,BACKTESTING,359,364
2025-05-22 08:27:00+08:00,BACKTESTING.360,BACKTESTING.365,BTCUSDT_SWAP_OKX,GLOBAL,空,平,109730.0,0.01,BACKTESTING,360,365
2025-05-22 09:01:00+08:00,BACKTESTING.361,BACKTESTING.366,BTCUSDT_SWAP_OKX,GLOBAL,多,开,109999.0,0.01,BACKTESTING,361,366
2025-05-22 09:04:00+08:00,BACKTESTING.362,BACKTESTING.367,BTCUSDT_SWAP_OKX,GLOBAL,空,平,110983.9,0.01,BACKTESTING,362,367
2025-05-22 10:09:00+08:00,BACKTESTING.363,BACKTESTING.368,BTCUSDT_SWAP_OKX,GLOBAL,多,开,110210.0,0.01,BACKTESTING,363,368
2025-05-22 10:13:00+08:00,BACKTESTING.364,BACKTESTING.369,BTCUSDT_SWAP_OKX,GLOBAL,空,平,110014.8,0.01,BACKTESTING,364,369
2025-05-22 10:25:00+08:00,BACKTESTING.365,BACKTESTING.370,BTCUSDT_SWAP_OKX,GLOBAL,多,开,110415.3,0.01,BACKTESTING,365,370
2025-05-22 10:35:00+08:00,BACKTESTING.366,BACKTESTING.371,BTCUSDT_SWAP_OKX,GLOBAL,空,平,110686.7,0.01,BACKTESTING,366,371
2025-05-29 00:01:00+08:00,BACKTESTING.367,BACKTESTING.372,BTCUSDT_SWAP_OKX,GLOBAL,空,开,106040.3,0.01,BACKTESTING,367,372
2025-05-29 00:02:00+08:00,BACKTESTING.368,BACKTESTING.373,BTCUSDT_SWAP_OKX,GLOBAL,多,平,106920.0,0.01,BACKTESTING,368,373
2025-05-29 01:36:00+08:00,BACKTESTING.369,BACKTESTING.374,BTCUSDT_SWAP_OKX,GLOBAL,空,开,107350.0,0.01,BACKTESTING,369,374
2025-05-29 01:55:00+08:00,BACKTESTING.370,BACKTESTING.375,BTCUSDT_SWAP_OKX,GLOBAL,多,平,107577.5,0.01,BACKTESTING,370,375
2025-05-29 03:36:00+08:00,BACKTESTING.371,BACKTESTING.376,BTCUSDT_SWAP_OKX,GLOBAL,空,开,107326.5,0.01,BACKTESTING,371,376
2025-05-29 03:46:00+08:00,BACKTESTING.372,BACKTESTING.377,BTCUSDT_SWAP_OKX,GLOBAL,多,平,106083.9,0.01,BACKTESTING,372,377
2025-05-29 08:29:00+08:00,BACKTESTING.373,BACKTESTING.378,BTCUSDT_SWAP_OKX,GLOBAL,多,开,107926.7,0.01,BACKTESTING,373,378
2025-05-29 08:43:00+08:00,BACKTESTING.374,BACKTESTING.379,BTCUSDT_SWAP_OKX,GLOBAL,空,平,107742.0,0.01,BACKTESTING,374,379
2025-05-29 08:56:00+08:00,BACKTESTING.375,BACKTESTING.380,BTCUSDT_SWAP_OKX,GLOBAL,多,开,108030.3,0.01,BACKTESTING,375,380
2025-05-29 09:05:00+08:00,BACKTESTING.376,BACKTESTING.381,BTCUSDT_SWAP_OKX,GLOBAL,空,平,107996.6,0.01,BACKTESTING,376,381
2025-05-29 09:52:00+08:00,BACKTESTING.377,BACKTESTING.382,BTCUSDT_SWAP_OKX,GLOBAL,多,开,108150.1,0.01,BACKTESTING,377,382
2025-05-29 10:03:00+08:00,BACKTESTING.378,BACKTESTING.383,BTCUSDT_SWAP_OKX,GLOBAL,空,平,108062.7,0.01,BACKTESTING,378,383
2025-05-29 10:53:00+08:00,BACKTESTING.379,BACKTESTING.384,BTCUSDT_SWAP_OKX,GLOBAL,多,开,108410.0,0.01,BACKTESTING,379,384
2025-05-29 11:06:00+08:00,BACKTESTING.380,BACKTESTING.385,BTCUSDT_SWAP_OKX,GLOBAL,空,平,108250.9,0.01,BACKTESTING,380,385
2025-05-29 16:41:00+08:00,BACKTESTING.381,BACKTESTING.386,BTCUSDT_SWAP_OKX,GLOBAL,多,开,109361.0,0.01,BACKTESTING,381,386
2025-05-29 16:43:00+08:00,BACKTESTING.382,BACKTESTING.387,BTCUSDT_SWAP_OKX,GLOBAL,空,平,108576.5,0.01,BACKTESTING,382,387
2025-05-29 18:52:00+08:00,BACKTESTING.383,BACKTESTING.388,BTCUSDT_SWAP_OKX,GLOBAL,多,开,108680.0,0.01,BACKTESTING,383,388
2025-05-29 19:12:00+08:00,BACKTESTING.384,BACKTESTING.389,BTCUSDT_SWAP_OKX,GLOBAL,空,平,108785.9,0.01,BACKTESTING,384,389
2025-05-29 21:15:00+08:00,BACKTESTING.385,BACKTESTING.390,BTCUSDT_SWAP_OKX,GLOBAL,多,开,108652.0,0.01,BACKTESTING,385,390
2025-05-29 21:16:00+08:00,BACKTESTING.386,BACKTESTING.391,BTCUSDT_SWAP_OKX,GLOBAL,空,平,108414.5,0.01,BACKTESTING,386,391
2025-06-05 00:27:00+08:00,BACKTESTING.387,BACKTESTING.392,BTCUSDT_SWAP_OKX,GLOBAL,多,开,105614.0,0.01,BACKTESTING,387,392
2025-06-05 00:38:00+08:00,BACKTESTING.388,BACKTESTING.394,BTCUSDT_SWAP_OKX,GLOBAL,空,平,105148.8,0.01,BACKTESTING,388,394
2025-06-05 10:35:00+08:00,BACKTESTING.389,BACKTESTING.395,BTCUSDT_SWAP_OKX,GLOBAL,多,开,105047.4,0.01,BACKTESTING,389,395
2025-06-05 10:55:00+08:00,BACKTESTING.390,BACKTESTING.396,BTCUSDT_SWAP_OKX,GLOBAL,空,平,105006.3,0.01,BACKTESTING,390,396
2025-06-05 16:17:00+08:00,BACKTESTING.391,BACKTESTING.397,BTCUSDT_SWAP_OKX,GLOBAL,空,开,103474.0,0.01,BACKTESTING,391,397
2025-06-05 16:18:00+08:00,BACKTESTING.392,BACKTESTING.398,BTCUSDT_SWAP_OKX,GLOBAL,多,平,103600.8,0.01,BACKTESTING,392,398
2025-06-05 19:35:00+08:00,BACKTESTING.393,BACKTESTING.399,BTCUSDT_SWAP_OKX,GLOBAL,空,开,104387.4,0.01,BACKTESTING,393,399
2025-06-05 19:37:00+08:00,BACKTESTING.394,BACKTESTING.400,BTCUSDT_SWAP_OKX,GLOBAL,多,平,104770.3,0.01,BACKTESTING,394,400
2025-06-05 20:09:00+08:00,BACKTESTING.395,BACKTESTING.401,BTCUSDT_SWAP_OKX,GLOBAL,多,开,104897.2,0.01,BACKTESTING,395,401
2025-06-05 20:20:00+08:00,BACKTESTING.396,BACKTESTING.402,BTCUSDT_SWAP_OKX,GLOBAL,空,平,105277.8,0.01,BACKTESTING,396,402
2025-06-05 20:51:00+08:00,BACKTESTING.397,BACKTESTING.403,BTCUSDT_SWAP_OKX,GLOBAL,多,开,105529.0,0.01,BACKTESTING,397,403
2025-06-05 21:11:00+08:00,BACKTESTING.398,BACKTESTING.404,BTCUSDT_SWAP_OKX,GLOBAL,空,平,105780.4,0.01,BACKTESTING,398,404
2025-06-05 22:15:00+08:00,BACKTESTING.399,BACKTESTING.405,BTCUSDT_SWAP_OKX,GLOBAL,空,开,104211.0,0.01,BACKTESTING,399,405
2025-06-05 22:30:00+08:00,BACKTESTING.400,BACKTESTING.406,BTCUSDT_SWAP_OKX,GLOBAL,多,平,104222.0,0.01,BACKTESTING,400,406
2025-06-12 00:35:00+08:00,BACKTESTING.401,BACKTESTING.407,BTCUSDT_SWAP_OKX,GLOBAL,多,开,110506.5,0.01,BACKTESTING,401,407
2025-06-12 00:36:00+08:00,BACKTESTING.402,BACKTESTING.408,BTCUSDT_SWAP_OKX,GLOBAL,空,平,111552.6,0.01,BACKTESTING,402,408
2025-06-12 06:08:00+08:00,BACKTESTING.403,BACKTESTING.409,BTCUSDT_SWAP_OKX,GLOBAL,空,开,108870.3,0.01,BACKTESTING,403,409
2025-06-12 06:10:00+08:00,BACKTESTING.404,BACKTESTING.410,BTCUSDT_SWAP_OKX,GLOBAL,多,平,108952.4,0.01,BACKTESTING,404,410
2025-06-12 07:40:00+08:00,BACKTESTING.405,BACKTESTING.411,BTCUSDT_SWAP_OKX,GLOBAL,多,开,109347.0,0.01,BACKTESTING,405,411
2025-06-12 07:45:00+08:00,BACKTESTING.406,BACKTESTING.412,BTCUSDT_SWAP_OKX,GLOBAL,空,平,109225.2,0.01,BACKTESTING,406,412
2025-06-12 08:26:00+08:00,BACKTESTING.407,BACKTESTING.413,BTCUSDT_SWAP_OKX,GLOBAL,多,开,109743.2,0.01,BACKTESTING,407,413
2025-06-12 08:28:00+08:00,BACKTESTING.408,BACKTESTING.414,BTCUSDT_SWAP_OKX,GLOBAL,空,平,109458.0,0.01,BACKTESTING,408,414
2025-06-12 10:55:00+08:00,BACKTESTING.409,BACKTESTING.415,BTCUSDT_SWAP_OKX,GLOBAL,空,开,108472.0,0.01,BACKTESTING,409,415
2025-06-12 11:15:00+08:00,BACKTESTING.410,BACKTESTING.416,BTCUSDT_SWAP_OKX,GLOBAL,多,平,108391.0,0.01,BACKTESTING,410,416
2025-06-12 11:29:00+08:00,BACKTESTING.411,BACKTESTING.417,BTCUSDT_SWAP_OKX,GLOBAL,空,开,107932.0,0.01,BACKTESTING,411,417
2025-06-12 11:34:00+08:00,BACKTESTING.412,BACKTESTING.418,BTCUSDT_SWAP_OKX,GLOBAL,多,平,108139.5,0.01,BACKTESTING,412,418
2025-06-12 11:54:00+08:00,BACKTESTING.413,BACKTESTING.419,BTCUSDT_SWAP_OKX,GLOBAL,空,开,107600.0,0.01,BACKTESTING,413,419
2025-06-12 12:14:00+08:00,BACKTESTING.414,BACKTESTING.420,BTCUSDT_SWAP_OKX,GLOBAL,多,平,107400.0,0.01,BACKTESTING,414,420
2025-06-12 14:41:00+08:00,BACKTESTING.415,BACKTESTING.421,BTCUSDT_SWAP_OKX,GLOBAL,空,开,107579.8,0.01,BACKTESTING,415,421
2025-06-12 15:01:00+08:00,BACKTESTING.416,BACKTESTING.422,BTCUSDT_SWAP_OKX,GLOBAL,多,平,107716.5,0.01,BACKTESTING,416,422
2025-06-12 15:29:00+08:00,BACKTESTING.417,BACKTESTING.423,BTCUSDT_SWAP_OKX,GLOBAL,空,开,107345.3,0.01,BACKTESTING,417,423
2025-06-12 15:38:00+08:00,BACKTESTING.418,BACKTESTING.424,BTCUSDT_SWAP_OKX,GLOBAL,多,平,105982.7,0.01,BACKTESTING,418,424
2025-06-12 16:12:00+08:00,BACKTESTING.419,BACKTESTING.425,BTCUSDT_SWAP_OKX,GLOBAL,空,开,105940.4,0.01,BACKTESTING,419,425
2025-06-12 16:16:00+08:00,BACKTESTING.420,BACKTESTING.426,BTCUSDT_SWAP_OKX,GLOBAL,多,平,107000.0,0.01,BACKTESTING,420,426
2025-06-19 04:20:00+08:00,BACKTESTING.421,BACKTESTING.427,BTCUSDT_SWAP_OKX,GLOBAL,多,开,106090.9,0.01,BACKTESTING,421,427
2025-06-19 04:25:00+08:00,BACKTESTING.422,BACKTESTING.428,BTCUSDT_SWAP_OKX,GLOBAL,空,平,105881.8,0.01,BACKTESTING,422,428
2025-06-19 04:42:00+08:00,BACKTESTING.423,BACKTESTING.429,BTCUSDT_SWAP_OKX,GLOBAL,多,开,106470.0,0.01,BACKTESTING,423,429
2025-06-19 04:46:00+08:00,BACKTESTING.424,BACKTESTING.430,BTCUSDT_SWAP_OKX,GLOBAL,空,平,106845.0,0.01,BACKTESTING,424,430
2025-06-19 08:32:00+08:00,BACKTESTING.425,BACKTESTING.431,BTCUSDT_SWAP_OKX,GLOBAL,多,开,104882.8,0.01,BACKTESTING,425,431
2025-06-19 08:52:00+08:00,BACKTESTING.426,BACKTESTING.432,BTCUSDT_SWAP_OKX,GLOBAL,空,平,104839.2,0.01,BACKTESTING,426,432
2025-06-19 11:29:00+08:00,BACKTESTING.427,BACKTESTING.433,BTCUSDT_SWAP_OKX,GLOBAL,多,开,104958.8,0.01,BACKTESTING,427,433
2025-06-19 11:30:00+08:00,BACKTESTING.428,BACKTESTING.434,BTCUSDT_SWAP_OKX,GLOBAL,空,平,104775.0,0.01,BACKTESTING,428,434
2025-06-19 12:06:00+08:00,BACKTESTING.429,BACKTESTING.435,BTCUSDT_SWAP_OKX,GLOBAL,多,开,105105.9,0.01,BACKTESTING,429,435
2025-06-19 12:14:00+08:00,BACKTESTING.430,BACKTESTING.436,BTCUSDT_SWAP_OKX,GLOBAL,空,平,104990.4,0.01,BACKTESTING,430,436
2025-06-19 17:20:00+08:00,BACKTESTING.431,BACKTESTING.437,BTCUSDT_SWAP_OKX,GLOBAL,多,开,104955.0,0.01,BACKTESTING,431,437
2025-06-19 17:40:00+08:00,BACKTESTING.432,BACKTESTING.438,BTCUSDT_SWAP_OKX,GLOBAL,空,平,104887.9,0.01,BACKTESTING,432,438
2025-06-19 21:48:00+08:00,BACKTESTING.433,BACKTESTING.439,BTCUSDT_SWAP_OKX,GLOBAL,空,开,104370.2,0.01,BACKTESTING,433,439
2025-06-19 22:07:00+08:00,BACKTESTING.434,BACKTESTING.440,BTCUSDT_SWAP_OKX,GLOBAL,多,平,104381.8,0.01,BACKTESTING,434,440
2025-06-26 00:48:00+08:00,BACKTESTING.435,BACKTESTING.441,BTCUSDT_SWAP_OKX,GLOBAL,空,开,106944.3,0.01,BACKTESTING,435,441
2025-06-26 00:59:00+08:00,BACKTESTING.436,BACKTESTING.442,BTCUSDT_SWAP_OKX,GLOBAL,多,平,107113.0,0.01,BACKTESTING,436,442
2025-06-26 03:09:00+08:00,BACKTESTING.437,BACKTESTING.443,BTCUSDT_SWAP_OKX,GLOBAL,多,开,107524.9,0.01,BACKTESTING,437,443
2025-06-26 03:29:00+08:00,BACKTESTING.438,BACKTESTING.444,BTCUSDT_SWAP_OKX,GLOBAL,空,平,107819.1,0.01,BACKTESTING,438,444
2025-06-26 04:33:00+08:00,BACKTESTING.439,BACKTESTING.445,BTCUSDT_SWAP_OKX,GLOBAL,多,开,107671.9,0.01,BACKTESTING,439,445
2025-06-26 04:53:00+08:00,BACKTESTING.440,BACKTESTING.446,BTCUSDT_SWAP_OKX,GLOBAL,空,平,107739.0,0.01,BACKTESTING,440,446
2025-06-26 05:04:00+08:00,BACKTESTING.441,BACKTESTING.447,BTCUSDT_SWAP_OKX,GLOBAL,多,开,107919.5,0.01,BACKTESTING,441,447
2025-06-26 05:05:00+08:00,BACKTESTING.442,BACKTESTING.448,BTCUSDT_SWAP_OKX,GLOBAL,空,平,107753.7,0.01,BACKTESTING,442,448
2025-06-26 10:09:00+08:00,BACKTESTING.443,BACKTESTING.449,BTCUSDT_SWAP_OKX,GLOBAL,多,开,107881.1,0.01,BACKTESTING,443,449
2025-06-26 10:29:00+08:00,BACKTESTING.444,BACKTESTING.450,BTCUSDT_SWAP_OKX,GLOBAL,空,平,107709.5,0.01,BACKTESTING,444,450
2025-06-26 10:54:00+08:00,BACKTESTING.445,BACKTESTING.451,BTCUSDT_SWAP_OKX,GLOBAL,多,开,107903.3,0.01,BACKTESTING,445,451
2025-06-26 11:05:00+08:00,BACKTESTING.446,BACKTESTING.452,BTCUSDT_SWAP_OKX,GLOBAL,空,平,108156.6,0.01,BACKTESTING,446,452
2025-06-26 15:03:00+08:00,BACKTESTING.447,BACKTESTING.453,BTCUSDT_SWAP_OKX,GLOBAL,多,开,107812.0,0.01,BACKTESTING,447,453
2025-06-26 15:23:00+08:00,BACKTESTING.448,BACKTESTING.454,BTCUSDT_SWAP_OKX,GLOBAL,空,平,107945.0,0.01,BACKTESTING,448,454
2025-06-26 21:51:00+08:00,BACKTESTING.449,BACKTESTING.455,BTCUSDT_SWAP_OKX,GLOBAL,空,开,106852.0,0.01,BACKTESTING,449,455
2025-06-26 22:03:00+08:00,BACKTESTING.450,BACKTESTING.456,BTCUSDT_SWAP_OKX,GLOBAL,多,平,107009.2,0.01,BACKTESTING,450,456
2025-07-03 00:07:00+08:00,BACKTESTING.451,BACKTESTING.457,BTCUSDT_SWAP_OKX,GLOBAL,多,开,110142.0,0.01,BACKTESTING,451,457
2025-07-03 00:08:00+08:00,BACKTESTING.452,BACKTESTING.458,BTCUSDT_SWAP_OKX,GLOBAL,空,平,109137.5,0.01,BACKTESTING,452,458
2025-07-03 01:23:00+08:00,BACKTESTING.453,BACKTESTING.459,BTCUSDT_SWAP_OKX,GLOBAL,多,开,109577.0,0.01,BACKTESTING,453,459
2025-07-03 01:26:00+08:00,BACKTESTING.454,BACKTESTING.460,BTCUSDT_SWAP_OKX,GLOBAL,空,平,109291.0,0.01,BACKTESTING,454,460
2025-07-03 02:56:00+08:00,BACKTESTING.455,BACKTESTING.461,BTCUSDT_SWAP_OKX,GLOBAL,多,开,109434.4,0.01,BACKTESTING,455,461
2025-07-03 03:16:00+08:00,BACKTESTING.456,BACKTESTING.462,BTCUSDT_SWAP_OKX,GLOBAL,空,平,109276.4,0.01,BACKTESTING,456,462
2025-07-03 10:08:00+08:00,BACKTESTING.457,BACKTESTING.463,BTCUSDT_SWAP_OKX,GLOBAL,空,开,108641.7,0.01,BACKTESTING,457,463
2025-07-03 10:14:00+08:00,BACKTESTING.458,BACKTESTING.464,BTCUSDT_SWAP_OKX,GLOBAL,多,平,107800.1,0.01,BACKTESTING,458,464
2025-07-03 11:32:00+08:00,BACKTESTING.459,BACKTESTING.465,BTCUSDT_SWAP_OKX,GLOBAL,空,开,108389.4,0.01,BACKTESTING,459,465
2025-07-03 11:34:00+08:00,BACKTESTING.460,BACKTESTING.466,BTCUSDT_SWAP_OKX,GLOBAL,多,平,108617.4,0.01,BACKTESTING,460,466
2025-07-03 14:16:00+08:00,BACKTESTING.461,BACKTESTING.467,BTCUSDT_SWAP_OKX,GLOBAL,多,开,109207.3,0.01,BACKTESTING,461,467
2025-07-03 14:21:00+08:00,BACKTESTING.462,BACKTESTING.468,BTCUSDT_SWAP_OKX,GLOBAL,空,平,108994.0,0.01,BACKTESTING,462,468
2025-07-03 14:50:00+08:00,BACKTESTING.463,BACKTESTING.469,BTCUSDT_SWAP_OKX,GLOBAL,多,开,109459.9,0.01,BACKTESTING,463,469
2025-07-03 14:56:00+08:00,BACKTESTING.464,BACKTESTING.470,BTCUSDT_SWAP_OKX,GLOBAL,空,平,109121.9,0.01,BACKTESTING,464,470
2025-07-03 15:39:00+08:00,BACKTESTING.465,BACKTESTING.471,BTCUSDT_SWAP_OKX,GLOBAL,多,开,110480.4,0.01,BACKTESTING,465,471
2025-07-03 15:41:00+08:00,BACKTESTING.466,BACKTESTING.472,BTCUSDT_SWAP_OKX,GLOBAL,空,平,111557.7,0.01,BACKTESTING,466,472
2025-07-03 17:19:00+08:00,BACKTESTING.467,BACKTESTING.473,BTCUSDT_SWAP_OKX,GLOBAL,多,开,109657.9,0.01,BACKTESTING,467,473
2025-07-03 17:25:00+08:00,BACKTESTING.468,BACKTESTING.474,BTCUSDT_SWAP_OKX,GLOBAL,空,平,110678.9,0.01,BACKTESTING,468,474
2025-07-03 18:55:00+08:00,BACKTESTING.469,BACKTESTING.475,BTCUSDT_SWAP_OKX,GLOBAL,多,开,110793.0,0.01,BACKTESTING,469,475
2025-07-03 18:56:00+08:00,BACKTESTING.470,BACKTESTING.476,BTCUSDT_SWAP_OKX,GLOBAL,空,平,109814.0,0.01,BACKTESTING,470,476
2025-07-10 00:50:00+08:00,BACKTESTING.471,BACKTESTING.477,BTCUSDT_SWAP_OKX,GLOBAL,多,开,109344.6,0.01,BACKTESTING,471,477
2025-07-10 01:10:00+08:00,BACKTESTING.472,BACKTESTING.478,BTCUSDT_SWAP_OKX,GLOBAL,空,平,109361.3,0.01,BACKTESTING,472,478
2025-07-10 02:11:00+08:00,BACKTESTING.473,BACKTESTING.479,BTCUSDT_SWAP_OKX,GLOBAL,多,开,109413.2,0.01,BACKTESTING,473,479
2025-07-10 02:31:00+08:00,BACKTESTING.474,BACKTESTING.480,BTCUSDT_SWAP_OKX,GLOBAL,空,平,109333.3,0.01,BACKTESTING,474,480
2025-07-10 03:19:00+08:00,BACKTESTING.475,BACKTESTING.481,BTCUSDT_SWAP_OKX,GLOBAL,多,开,109723.4,0.01,BACKTESTING,475,481
2025-07-10 03:39:00+08:00,BACKTESTING.476,BACKTESTING.482,BTCUSDT_SWAP_OKX,GLOBAL,空,平,110041.0,0.01,BACKTESTING,476,482
2025-07-10 03:53:00+08:00,BACKTESTING.477,BACKTESTING.483,BTCUSDT_SWAP_OKX,GLOBAL,多,开,111041.0,0.01,BACKTESTING,477,483
2025-07-10 03:55:00+08:00,BACKTESTING.478,BACKTESTING.484,BTCUSDT_SWAP_OKX,GLOBAL,空,平,113000.0,0.01,BACKTESTING,478,484
2025-07-10 05:07:00+08:00,BACKTESTING.479,BACKTESTING.485,BTCUSDT_SWAP_OKX,GLOBAL,多,开,111077.2,0.01,BACKTESTING,479,485
2025-07-10 05:27:00+08:00,BACKTESTING.480,BACKTESTING.486,BTCUSDT_SWAP_OKX,GLOBAL,空,平,111110.6,0.01,BACKTESTING,480,486
2025-07-10 06:06:00+08:00,BACKTESTING.481,BACKTESTING.487,BTCUSDT_SWAP_OKX,GLOBAL,多,开,110999.9,0.01,BACKTESTING,481,487
2025-07-10 06:26:00+08:00,BACKTESTING.482,BACKTESTING.488,BTCUSDT_SWAP_OKX,GLOBAL,空,平,111088.1,0.01,BACKTESTING,482,488
2025-07-10 07:26:00+08:00,BACKTESTING.483,BACKTESTING.489,BTCUSDT_SWAP_OKX,GLOBAL,多,开,111467.9,0.01,BACKTESTING,483,489
2025-07-10 07:31:00+08:00,BACKTESTING.484,BACKTESTING.490,BTCUSDT_SWAP_OKX,GLOBAL,空,平,112542.9,0.01,BACKTESTING,484,490
2025-07-10 13:36:00+08:00,BACKTESTING.485,BACKTESTING.491,BTCUSDT_SWAP_OKX,GLOBAL,空,开,110211.2,0.01,BACKTESTING,485,491
2025-07-10 13:38:00+08:00,BACKTESTING.486,BACKTESTING.492,BTCUSDT_SWAP_OKX,GLOBAL,多,平,110564.9,0.01,BACKTESTING,486,492
2025-07-10 16:37:00+08:00,BACKTESTING.487,BACKTESTING.493,BTCUSDT_SWAP_OKX,GLOBAL,多,开,111282.7,0.01,BACKTESTING,487,493
2025-07-10 16:57:00+08:00,BACKTESTING.488,BACKTESTING.494,BTCUSDT_SWAP_OKX,GLOBAL,空,平,111181.3,0.01,BACKTESTING,488,494
2025-07-10 21:35:00+08:00,BACKTESTING.489,BACKTESTING.495,BTCUSDT_SWAP_OKX,GLOBAL,空,开,110531.2,0.01,BACKTESTING,489,495
2025-07-10 21:37:00+08:00,BACKTESTING.490,BACKTESTING.496,BTCUSDT_SWAP_OKX,GLOBAL,多,平,110532.6,0.01,BACKTESTING,490,496
2025-07-17 01:38:00+08:00,BACKTESTING.491,BACKTESTING.497,BTCUSDT_SWAP_OKX,GLOBAL,多,开,118612.5,0.01,BACKTESTING,491,497
2025-07-17 01:49:00+08:00,BACKTESTING.492,BACKTESTING.498,BTCUSDT_SWAP_OKX,GLOBAL,空,平,119165.9,0.01,BACKTESTING,492,498
2025-07-17 02:34:00+08:00,BACKTESTING.493,BACKTESTING.499,BTCUSDT_SWAP_OKX,GLOBAL,多,开,119499.4,0.01,BACKTESTING,493,499
2025-07-17 02:47:00+08:00,BACKTESTING.494,BACKTESTING.500,BTCUSDT_SWAP_OKX,GLOBAL,空,平,118368.0,0.01,BACKTESTING,494,500
2025-07-17 03:31:00+08:00,BACKTESTING.495,BACKTESTING.501,BTCUSDT_SWAP_OKX,GLOBAL,多,开,118829.3,0.01,BACKTESTING,495,501
2025-07-17 03:46:00+08:00,BACKTESTING.496,BACKTESTING.502,BTCUSDT_SWAP_OKX,GLOBAL,空,平,119650.7,0.01,BACKTESTING,496,502
2025-07-17 04:31:00+08:00,BACKTESTING.497,BACKTESTING.503,BTCUSDT_SWAP_OKX,GLOBAL,多,开,119182.8,0.01,BACKTESTING,497,503
2025-07-17 04:40:00+08:00,BACKTESTING.498,BACKTESTING.504,BTCUSDT_SWAP_OKX,GLOBAL,空,平,119759.8,0.01,BACKTESTING,498,504
2025-07-17 08:36:00+08:00,BACKTESTING.499,BACKTESTING.505,BTCUSDT_SWAP_OKX,GLOBAL,空,开,117756.8,0.01,BACKTESTING,499,505
2025-07-17 08:45:00+08:00,BACKTESTING.500,BACKTESTING.506,BTCUSDT_SWAP_OKX,GLOBAL,多,平,117285.7,0.01,BACKTESTING,500,506
2025-07-17 08:59:00+08:00,BACKTESTING.501,BACKTESTING.507,BTCUSDT_SWAP_OKX,GLOBAL,空,开,116556.3,0.01,BACKTESTING,501,507
2025-07-17 09:07:00+08:00,BACKTESTING.502,BACKTESTING.508,BTCUSDT_SWAP_OKX,GLOBAL,多,平,116739.0,0.01,BACKTESTING,502,508
2025-07-17 09:58:00+08:00,BACKTESTING.503,BACKTESTING.509,BTCUSDT_SWAP_OKX,GLOBAL,空,开,116608.0,0.01,BACKTESTING,503,509
2025-07-17 10:03:00+08:00,BACKTESTING.504,BACKTESTING.510,BTCUSDT_SWAP_OKX,GLOBAL,多,平,116754.8,0.01,BACKTESTING,504,510
2025-07-17 11:57:00+08:00,BACKTESTING.505,BACKTESTING.511,BTCUSDT_SWAP_OKX,GLOBAL,多,开,117948.4,0.01,BACKTESTING,505,511
2025-07-17 12:00:00+08:00,BACKTESTING.506,BACKTESTING.512,BTCUSDT_SWAP_OKX,GLOBAL,空,平,117578.0,0.01,BACKTESTING,506,512
2025-07-17 12:10:00+08:00,BACKTESTING.507,BACKTESTING.513,BTCUSDT_SWAP_OKX,GLOBAL,多,开,118208.2,0.01,BACKTESTING,507,513
2025-07-17 12:14:00+08:00,BACKTESTING.508,BACKTESTING.514,BTCUSDT_SWAP_OKX,GLOBAL,空,平,117622.5,0.01,BACKTESTING,508,514
2025-07-17 14:25:00+08:00,BACKTESTING.509,BACKTESTING.515,BTCUSDT_SWAP_OKX,GLOBAL,多,开,118652.2,0.01,BACKTESTING,509,515
2025-07-17 14:41:00+08:00,BACKTESTING.510,BACKTESTING.516,BTCUSDT_SWAP_OKX,GLOBAL,空,平,118380.2,0.01,BACKTESTING,510,516
2025-07-24 00:03:00+08:00,BACKTESTING.511,BACKTESTING.517,BTCUSDT_SWAP_OKX,GLOBAL,多,开,118222.0,0.01,BACKTESTING,511,517
2025-07-24 00:13:00+08:00,BACKTESTING.512,BACKTESTING.518,BTCUSDT_SWAP_OKX,GLOBAL,空,平,118030.0,0.01,BACKTESTING,512,518
2025-07-24 03:01:00+08:00,BACKTESTING.513,BACKTESTING.519,BTCUSDT_SWAP_OKX,GLOBAL,多,开,118458.0,0.01,BACKTESTING,513,519
2025-07-24 03:21:00+08:00,BACKTESTING.514,BACKTESTING.520,BTCUSDT_SWAP_OKX,GLOBAL,空,平,118471.9,0.01,BACKTESTING,514,520
2025-07-24 05:27:00+08:00,BACKTESTING.515,BACKTESTING.521,BTCUSDT_SWAP_OKX,GLOBAL,空,开,117465.0,0.01,BACKTESTING,515,521
2025-07-24 05:33:00+08:00,BACKTESTING.516,BACKTESTING.522,BTCUSDT_SWAP_OKX,GLOBAL,多,平,117764.4,0.01,BACKTESTING,516,522
2025-07-24 06:26:00+08:00,BACKTESTING.517,BACKTESTING.523,BTCUSDT_SWAP_OKX,GLOBAL,多,开,118475.9,0.01,BACKTESTING,517,523
2025-07-24 06:46:00+08:00,BACKTESTING.518,BACKTESTING.524,BTCUSDT_SWAP_OKX,GLOBAL,空,平,118611.0,0.01,BACKTESTING,518,524
2025-07-24 07:05:00+08:00,BACKTESTING.519,BACKTESTING.525,BTCUSDT_SWAP_OKX,GLOBAL,多,开,118727.1,0.01,BACKTESTING,519,525
2025-07-24 07:25:00+08:00,BACKTESTING.520,BACKTESTING.526,BTCUSDT_SWAP_OKX,GLOBAL,空,平,118612.9,0.01,BACKTESTING,520,526
2025-07-24 07:59:00+08:00,BACKTESTING.521,BACKTESTING.527,BTCUSDT_SWAP_OKX,GLOBAL,多,开,118750.0,0.01,BACKTESTING,521,527
2025-07-24 08:19:00+08:00,BACKTESTING.522,BACKTESTING.528,BTCUSDT_SWAP_OKX,GLOBAL,空,平,118807.0,0.01,BACKTESTING,522,528
2025-07-24 08:33:00+08:00,BACKTESTING.523,BACKTESTING.529,BTCUSDT_SWAP_OKX,GLOBAL,多,开,119059.4,0.01,BACKTESTING,523,529
2025-07-24 08:53:00+08:00,BACKTESTING.524,BACKTESTING.530,BTCUSDT_SWAP_OKX,GLOBAL,空,平,119131.1,0.01,BACKTESTING,524,530
2025-07-24 10:45:00+08:00,BACKTESTING.525,BACKTESTING.531,BTCUSDT_SWAP_OKX,GLOBAL,多,开,119073.7,0.01,BACKTESTING,525,531
2025-07-24 11:05:00+08:00,BACKTESTING.526,BACKTESTING.532,BTCUSDT_SWAP_OKX,GLOBAL,空,平,119044.2,0.01,BACKTESTING,526,532
2025-07-24 11:25:00+08:00,BACKTESTING.527,BACKTESTING.533,BTCUSDT_SWAP_OKX,GLOBAL,多,开,119162.4,0.01,BACKTESTING,527,533
2025-07-24 11:45:00+08:00,BACKTESTING.528,BACKTESTING.534,BTCUSDT_SWAP_OKX,GLOBAL,空,平,118980.9,0.01,BACKTESTING,528,534
2025-07-24 12:35:00+08:00,BACKTESTING.529,BACKTESTING.535,BTCUSDT_SWAP_OKX,GLOBAL,空,开,117236.0,0.01,BACKTESTING,529,535
2025-07-24 12:37:00+08:00,BACKTESTING.530,BACKTESTING.536,BTCUSDT_SWAP_OKX,GLOBAL,多,平,116000.0,0.01,BACKTESTING,530,536
2025-07-31 00:30:00+08:00,BACKTESTING.531,BACKTESTING.537,BTCUSDT_SWAP_OKX,GLOBAL,空,开,116829.2,0.01,BACKTESTING,531,537
2025-07-31 00:36:00+08:00,BACKTESTING.532,BACKTESTING.539,BTCUSDT_SWAP_OKX,GLOBAL,多,平,117194.0,0.01,BACKTESTING,532,539
2025-07-31 02:03:00+08:00,BACKTESTING.533,BACKTESTING.540,BTCUSDT_SWAP_OKX,GLOBAL,空,开,117500.0,0.01,BACKTESTING,533,540
2025-07-31 02:11:00+08:00,BACKTESTING.534,BACKTESTING.541,BTCUSDT_SWAP_OKX,GLOBAL,多,平,117694.0,0.01,BACKTESTING,534,541
2025-07-31 02:40:00+08:00,BACKTESTING.535,BACKTESTING.542,BTCUSDT_SWAP_OKX,GLOBAL,空,开,117473.7,0.01,BACKTESTING,535,542
2025-07-31 02:49:00+08:00,BACKTESTING.536,BACKTESTING.543,BTCUSDT_SWAP_OKX,GLOBAL,多,平,117000.0,0.01,BACKTESTING,536,543
2025-07-31 02:59:00+08:00,BACKTESTING.537,BACKTESTING.544,BTCUSDT_SWAP_OKX,GLOBAL,空,开,116550.0,0.01,BACKTESTING,537,544
2025-07-31 03:07:00+08:00,BACKTESTING.538,BACKTESTING.545,BTCUSDT_SWAP_OKX,GLOBAL,多,平,116055.3,0.01,BACKTESTING,538,545
2025-07-31 03:43:00+08:00,BACKTESTING.539,BACKTESTING.546,BTCUSDT_SWAP_OKX,GLOBAL,空,开,114979.3,0.01,BACKTESTING,539,546
2025-07-31 03:45:00+08:00,BACKTESTING.540,BACKTESTING.547,BTCUSDT_SWAP_OKX,GLOBAL,多,平,116181.5,0.01,BACKTESTING,540,547
2025-07-31 04:48:00+08:00,BACKTESTING.541,BACKTESTING.548,BTCUSDT_SWAP_OKX,GLOBAL,空,开,116829.3,0.01,BACKTESTING,541,548
2025-07-31 04:56:00+08:00,BACKTESTING.542,BACKTESTING.549,BTCUSDT_SWAP_OKX,GLOBAL,多,平,117043.7,0.01,BACKTESTING,542,549
2025-07-31 06:08:00+08:00,BACKTESTING.543,BACKTESTING.550,BTCUSDT_SWAP_OKX,GLOBAL,多,开,117355.2,0.01,BACKTESTING,543,550
2025-07-31 06:28:00+08:00,BACKTESTING.544,BACKTESTING.551,BTCUSDT_SWAP_OKX,GLOBAL,空,平,117257.9,0.01,BACKTESTING,544,551
2025-07-31 06:47:00+08:00,BACKTESTING.545,BACKTESTING.552,BTCUSDT_SWAP_OKX,GLOBAL,多,开,117449.3,0.01,BACKTESTING,545,552
2025-07-31 07:07:00+08:00,BACKTESTING.546,BACKTESTING.553,BTCUSDT_SWAP_OKX,GLOBAL,空,平,117486.0,0.01,BACKTESTING,546,553
2025-07-31 07:31:00+08:00,BACKTESTING.547,BACKTESTING.554,BTCUSDT_SWAP_OKX,GLOBAL,多,开,117561.0,0.01,BACKTESTING,547,554
2025-07-31 07:51:00+08:00,BACKTESTING.548,BACKTESTING.555,BTCUSDT_SWAP_OKX,GLOBAL,空,平,117873.6,0.01,BACKTESTING,548,555
2025-07-31 08:28:00+08:00,BACKTESTING.549,BACKTESTING.556,BTCUSDT_SWAP_OKX,GLOBAL,多,开,117986.0,0.01,BACKTESTING,549,556
2025-07-31 08:48:00+08:00,BACKTESTING.550,BACKTESTING.557,BTCUSDT_SWAP_OKX,GLOBAL,空,平,118333.3,0.01,BACKTESTING,550,557
2025-08-07 00:01:00+08:00,BACKTESTING.551,BACKTESTING.558,BTCUSDT_SWAP_OKX,GLOBAL,多,开,114541.0,0.01,BACKTESTING,551,558
2025-08-07 00:21:00+08:00,BACKTESTING.552,BACKTESTING.559,BTCUSDT_SWAP_OKX,GLOBAL,空,平,114519.9,0.01,BACKTESTING,552,559
2025-08-07 00:49:00+08:00,BACKTESTING.553,BACKTESTING.560,BTCUSDT_SWAP_OKX,GLOBAL,多,开,114788.9,0.01,BACKTESTING,553,560
2025-08-07 01:08:00+08:00,BACKTESTING.554,BACKTESTING.561,BTCUSDT_SWAP_OKX,GLOBAL,空,平,114599.9,0.01,BACKTESTING,554,561
2025-08-07 01:42:00+08:00,BACKTESTING.555,BACKTESTING.562,BTCUSDT_SWAP_OKX,GLOBAL,多,开,115050.0,0.01,BACKTESTING,555,562
2025-08-07 01:43:00+08:00,BACKTESTING.556,BACKTESTING.563,BTCUSDT_SWAP_OKX,GLOBAL,空,平,114725.1,0.01,BACKTESTING,556,563
2025-08-07 01:58:00+08:00,BACKTESTING.557,BACKTESTING.564,BTCUSDT_SWAP_OKX,GLOBAL,多,开,115082.7,0.01,BACKTESTING,557,564
2025-08-07 02:07:00+08:00,BACKTESTING.558,BACKTESTING.565,BTCUSDT_SWAP_OKX,GLOBAL,空,平,114688.4,0.01,BACKTESTING,558,565
2025-08-07 05:07:00+08:00,BACKTESTING.559,BACKTESTING.566,BTCUSDT_SWAP_OKX,GLOBAL,多,开,115084.0,0.01,BACKTESTING,559,566
2025-08-07 05:29:00+08:00,BACKTESTING.560,BACKTESTING.568,BTCUSDT_SWAP_OKX,GLOBAL,空,平,114939.7,0.01,BACKTESTING,560,568
2025-08-07 06:05:00+08:00,BACKTESTING.561,BACKTESTING.569,BTCUSDT_SWAP_OKX,GLOBAL,多,开,114971.4,0.01,BACKTESTING,561,569
2025-08-07 06:25:00+08:00,BACKTESTING.562,BACKTESTING.570,BTCUSDT_SWAP_OKX,GLOBAL,空,平,114939.7,0.01,BACKTESTING,562,570
2025-08-07 11:07:00+08:00,BACKTESTING.563,BACKTESTING.571,BTCUSDT_SWAP_OKX,GLOBAL,空,开,114034.6,0.01,BACKTESTING,563,571
2025-08-07 11:16:00+08:00,BACKTESTING.564,BACKTESTING.572,BTCUSDT_SWAP_OKX,GLOBAL,多,平,114261.9,0.01,BACKTESTING,564,572
2025-08-07 11:26:00+08:00,BACKTESTING.565,BACKTESTING.573,BTCUSDT_SWAP_OKX,GLOBAL,空,开,113692.3,0.01,BACKTESTING,565,573
2025-08-07 11:31:00+08:00,BACKTESTING.566,BACKTESTING.574,BTCUSDT_SWAP_OKX,GLOBAL,多,平,114138.0,0.01,BACKTESTING,566,574
2025-08-07 14:02:00+08:00,BACKTESTING.567,BACKTESTING.575,BTCUSDT_SWAP_OKX,GLOBAL,空,开,113415.9,0.01,BACKTESTING,567,575
2025-08-07 14:04:00+08:00,BACKTESTING.568,BACKTESTING.576,BTCUSDT_SWAP_OKX,GLOBAL,多,平,113827.5,0.01,BACKTESTING,568,576
2025-08-07 15:13:00+08:00,BACKTESTING.569,BACKTESTING.577,BTCUSDT_SWAP_OKX,GLOBAL,多,开,114800.1,0.01,BACKTESTING,569,577
2025-08-07 15:27:00+08:00,BACKTESTING.570,BACKTESTING.578,BTCUSDT_SWAP_OKX,GLOBAL,空,平,113501.5,0.01,BACKTESTING,570,578
2025-08-14 01:18:00+08:00,BACKTESTING.571,BACKTESTING.579,BTCUSDT_SWAP_OKX,GLOBAL,多,开,120111.5,0.01,BACKTESTING,571,579
2025-08-14 01:25:00+08:00,BACKTESTING.572,BACKTESTING.580,BTCUSDT_SWAP_OKX,GLOBAL,空,平,119983.4,0.01,BACKTESTING,572,580
2025-08-14 02:27:00+08:00,BACKTESTING.573,BACKTESTING.581,BTCUSDT_SWAP_OKX,GLOBAL,多,开,120402.1,0.01,BACKTESTING,573,581
2025-08-14 02:33:00+08:00,BACKTESTING.574,BACKTESTING.582,BTCUSDT_SWAP_OKX,GLOBAL,空,平,120246.4,0.01,BACKTESTING,574,582
2025-08-14 03:08:00+08:00,BACKTESTING.575,BACKTESTING.583,BTCUSDT_SWAP_OKX,GLOBAL,多,开,120276.9,0.01,BACKTESTING,575,583
2025-08-14 03:28:00+08:00,BACKTESTING.576,BACKTESTING.584,BTCUSDT_SWAP_OKX,GLOBAL,空,平,120646.0,0.01,BACKTESTING,576,584
2025-08-14 03:58:00+08:00,BACKTESTING.577,BACKTESTING.585,BTCUSDT_SWAP_OKX,GLOBAL,多,开,121045.5,0.01,BACKTESTING,577,585
2025-08-14 04:07:00+08:00,BACKTESTING.578,BACKTESTING.586,BTCUSDT_SWAP_OKX,GLOBAL,空,平,120656.4,0.01,BACKTESTING,578,586
2025-08-14 05:10:00+08:00,BACKTESTING.579,BACKTESTING.587,BTCUSDT_SWAP_OKX,GLOBAL,多,开,120909.1,0.01,BACKTESTING,579,587
2025-08-14 05:13:00+08:00,BACKTESTING.580,BACKTESTING.588,BTCUSDT_SWAP_OKX,GLOBAL,空,平,120724.9,0.01,BACKTESTING,580,588
2025-08-14 06:47:00+08:00,BACKTESTING.581,BACKTESTING.589,BTCUSDT_SWAP_OKX,GLOBAL,多,开,123055.6,0.01,BACKTESTING,581,589
2025-08-14 06:48:00+08:00,BACKTESTING.582,BACKTESTING.590,BTCUSDT_SWAP_OKX,GLOBAL,空,平,122960.7,0.01,BACKTESTING,582,590
2025-08-14 07:36:00+08:00,BACKTESTING.583,BACKTESTING.591,BTCUSDT_SWAP_OKX,GLOBAL,多,开,121702.4,0.01,BACKTESTING,583,591
2025-08-14 07:56:00+08:00,BACKTESTING.584,BACKTESTING.592,BTCUSDT_SWAP_OKX,GLOBAL,空,平,121676.6,0.01,BACKTESTING,584,592
2025-08-14 08:14:00+08:00,BACKTESTING.585,BACKTESTING.593,BTCUSDT_SWAP_OKX,GLOBAL,多,开,121944.5,0.01,BACKTESTING,585,593
2025-08-14 08:29:00+08:00,BACKTESTING.586,BACKTESTING.594,BTCUSDT_SWAP_OKX,GLOBAL,空,平,122261.2,0.01,BACKTESTING,586,594
2025-08-14 10:40:00+08:00,BACKTESTING.587,BACKTESTING.595,BTCUSDT_SWAP_OKX,GLOBAL,多,开,121748.3,0.01,BACKTESTING,587,595
2025-08-14 10:48:00+08:00,BACKTESTING.588,BACKTESTING.596,BTCUSDT_SWAP_OKX,GLOBAL,空,平,121553.4,0.01,BACKTESTING,588,596
2025-08-14 12:16:00+08:00,BACKTESTING.589,BACKTESTING.597,BTCUSDT_SWAP_OKX,GLOBAL,多,开,121638.0,0.01,BACKTESTING,589,597
2025-08-14 12:19:00+08:00,BACKTESTING.590,BACKTESTING.598,BTCUSDT_SWAP_OKX,GLOBAL,空,平,122499.0,0.01,BACKTESTING,590,598
2025-08-21 03:56:00+08:00,BACKTESTING.591,BACKTESTING.599,BTCUSDT_SWAP_OKX,GLOBAL,多,开,112717.4,0.01,BACKTESTING,591,599
2025-08-21 04:16:00+08:00,BACKTESTING.592,BACKTESTING.600,BTCUSDT_SWAP_OKX,GLOBAL,空,平,112631.0,0.01,BACKTESTING,592,600
2025-08-21 04:56:00+08:00,BACKTESTING.593,BACKTESTING.601,BTCUSDT_SWAP_OKX,GLOBAL,多,开,112777.0,0.01,BACKTESTING,593,601
2025-08-21 05:16:00+08:00,BACKTESTING.594,BACKTESTING.602,BTCUSDT_SWAP_OKX,GLOBAL,空,平,112790.7,0.01,BACKTESTING,594,602
2025-08-21 05:54:00+08:00,BACKTESTING.595,BACKTESTING.603,BTCUSDT_SWAP_OKX,GLOBAL,多,开,112888.0,0.01,BACKTESTING,595,603
2025-08-21 06:14:00+08:00,BACKTESTING.596,BACKTESTING.604,BTCUSDT_SWAP_OKX,GLOBAL,空,平,112862.3,0.01,BACKTESTING,596,604
2025-08-21 06:46:00+08:00,BACKTESTING.597,BACKTESTING.605,BTCUSDT_SWAP_OKX,GLOBAL,多,开,113000.0,0.01,BACKTESTING,597,605
2025-08-21 07:03:00+08:00,BACKTESTING.598,BACKTESTING.606,BTCUSDT_SWAP_OKX,GLOBAL,空,平,112870.2,0.01,BACKTESTING,598,606
2025-08-21 07:40:00+08:00,BACKTESTING.599,BACKTESTING.607,BTCUSDT_SWAP_OKX,GLOBAL,多,开,113322.0,0.01,BACKTESTING,599,607
2025-08-21 07:51:00+08:00,BACKTESTING.600,BACKTESTING.608,BTCUSDT_SWAP_OKX,GLOBAL,空,平,113238.0,0.01,BACKTESTING,600,608
2025-08-21 10:41:00+08:00,BACKTESTING.601,BACKTESTING.609,BTCUSDT_SWAP_OKX,GLOBAL,空,开,112015.2,0.01,BACKTESTING,601,609
2025-08-21 10:45:00+08:00,BACKTESTING.602,BACKTESTING.610,BTCUSDT_SWAP_OKX,GLOBAL,多,平,113212.0,0.01,BACKTESTING,602,610
2025-08-21 11:39:00+08:00,BACKTESTING.603,BACKTESTING.611,BTCUSDT_SWAP_OKX,GLOBAL,多,开,113040.0,0.01,BACKTESTING,603,611
2025-08-21 11:56:00+08:00,BACKTESTING.604,BACKTESTING.612,BTCUSDT_SWAP_OKX,GLOBAL,空,平,112948.6,0.01,BACKTESTING,604,612
2025-08-21 12:13:00+08:00,BACKTESTING.605,BACKTESTING.613,BTCUSDT_SWAP_OKX,GLOBAL,多,开,113440.7,0.01,BACKTESTING,605,613
2025-08-21 12:32:00+08:00,BACKTESTING.606,BACKTESTING.614,BTCUSDT_SWAP_OKX,GLOBAL,空,平,113915.3,0.01,BACKTESTING,606,614
2025-08-21 13:47:00+08:00,BACKTESTING.607,BACKTESTING.615,BTCUSDT_SWAP_OKX,GLOBAL,多,开,113921.6,0.01,BACKTESTING,607,615
2025-08-21 14:03:00+08:00,BACKTESTING.608,BACKTESTING.616,BTCUSDT_SWAP_OKX,GLOBAL,空,平,113652.2,0.01,BACKTESTING,608,616
2025-08-21 14:46:00+08:00,BACKTESTING.609,BACKTESTING.617,BTCUSDT_SWAP_OKX,GLOBAL,多,开,113759.3,0.01,BACKTESTING,609,617
2025-08-21 15:04:00+08:00,BACKTESTING.610,BACKTESTING.618,BTCUSDT_SWAP_OKX,GLOBAL,空,平,113615.4,0.01,BACKTESTING,610,618
2025-08-28 01:29:00+08:00,BACKTESTING.611,BACKTESTING.619,BTCUSDT_SWAP_OKX,GLOBAL,多,开,111959.1,0.01,BACKTESTING,611,619
2025-08-28 01:49:00+08:00,BACKTESTING.612,BACKTESTING.620,BTCUSDT_SWAP_OKX,GLOBAL,空,平,112177.9,0.01,BACKTESTING,612,620
2025-08-28 02:12:00+08:00,BACKTESTING.613,BACKTESTING.621,BTCUSDT_SWAP_OKX,GLOBAL,多,开,112425.5,0.01,BACKTESTING,613,621
2025-08-28 02:31:00+08:00,BACKTESTING.614,BACKTESTING.622,BTCUSDT_SWAP_OKX,GLOBAL,空,平,112319.0,0.01,BACKTESTING,614,622
2025-08-28 03:35:00+08:00,BACKTESTING.615,BACKTESTING.623,BTCUSDT_SWAP_OKX,GLOBAL,多,开,112167.8,0.01,BACKTESTING,615,623
2025-08-28 03:46:00+08:00,BACKTESTING.616,BACKTESTING.624,BTCUSDT_SWAP_OKX,GLOBAL,空,平,111988.3,0.01,BACKTESTING,616,624
2025-08-28 05:02:00+08:00,BACKTESTING.617,BACKTESTING.625,BTCUSDT_SWAP_OKX,GLOBAL,空,开,111138.9,0.01,BACKTESTING,617,625
2025-08-28 05:03:00+08:00,BACKTESTING.618,BACKTESTING.626,BTCUSDT_SWAP_OKX,GLOBAL,多,平,112222.0,0.01,BACKTESTING,618,626
2025-08-28 05:53:00+08:00,BACKTESTING.619,BACKTESTING.627,BTCUSDT_SWAP_OKX,GLOBAL,空,开,111384.8,0.01,BACKTESTING,619,627
2025-08-28 06:13:00+08:00,BACKTESTING.620,BACKTESTING.628,BTCUSDT_SWAP_OKX,GLOBAL,多,平,111162.6,0.01,BACKTESTING,620,628
2025-08-28 10:01:00+08:00,BACKTESTING.621,BACKTESTING.629,BTCUSDT_SWAP_OKX,GLOBAL,多,开,111571.7,0.01,BACKTESTING,621,629
2025-08-28 10:21:00+08:00,BACKTESTING.622,BACKTESTING.630,BTCUSDT_SWAP_OKX,GLOBAL,空,平,111417.2,0.01,BACKTESTING,622,630
2025-08-28 11:07:00+08:00,BACKTESTING.623,BACKTESTING.631,BTCUSDT_SWAP_OKX,GLOBAL,多,开,111480.0,0.01,BACKTESTING,623,631
2025-08-28 11:27:00+08:00,BACKTESTING.624,BACKTESTING.632,BTCUSDT_SWAP_OKX,GLOBAL,空,平,111819.9,0.01,BACKTESTING,624,632
2025-08-28 12:08:00+08:00,BACKTESTING.625,BACKTESTING.633,BTCUSDT_SWAP_OKX,GLOBAL,多,开,112000.0,0.01,BACKTESTING,625,633
2025-08-28 12:28:00+08:00,BACKTESTING.626,BACKTESTING.634,BTCUSDT_SWAP_OKX,GLOBAL,空,平,112219.9,0.01,BACKTESTING,626,634
2025-08-28 12:38:00+08:00,BACKTESTING.627,BACKTESTING.635,BTCUSDT_SWAP_OKX,GLOBAL,多,开,112340.0,0.01,BACKTESTING,627,635
2025-08-28 12:44:00+08:00,BACKTESTING.628,BACKTESTING.636,BTCUSDT_SWAP_OKX,GLOBAL,空,平,112770.0,0.01,BACKTESTING,628,636
2025-08-28 13:59:00+08:00,BACKTESTING.629,BACKTESTING.637,BTCUSDT_SWAP_OKX,GLOBAL,多,开,112800.0,0.01,BACKTESTING,629,637
2025-08-28 14:01:00+08:00,BACKTESTING.630,BACKTESTING.638,BTCUSDT_SWAP_OKX,GLOBAL,空,平,112370.9,0.01,BACKTESTING,630,638
2025-09-04 02:30:00+08:00,BACKTESTING.631,BACKTESTING.639,BTCUSDT_SWAP_OKX,GLOBAL,空,开,110685.7,0.01,BACKTESTING,631,639
2025-09-04 02:47:00+08:00,BACKTESTING.632,BACKTESTING.640,BTCUSDT_SWAP_OKX,GLOBAL,多,平,110240.0,0.01,BACKTESTING,632,640
2025-09-04 06:25:00+08:00,BACKTESTING.633,BACKTESTING.641,BTCUSDT_SWAP_OKX,GLOBAL,空,开,109865.5,0.01,BACKTESTING,633,641
2025-09-04 06:26:00+08:00,BACKTESTING.634,BACKTESTING.642,BTCUSDT_SWAP_OKX,GLOBAL,多,平,110463.9,0.01,BACKTESTING,634,642
2025-09-04 10:42:00+08:00,BACKTESTING.635,BACKTESTING.643,BTCUSDT_SWAP_OKX,GLOBAL,空,开,110209.7,0.01,BACKTESTING,635,643
2025-09-04 11:02:00+08:00,BACKTESTING.636,BACKTESTING.644,BTCUSDT_SWAP_OKX,GLOBAL,多,平,110000.1,0.01,BACKTESTING,636,644
2025-09-04 14:22:00+08:00,BACKTESTING.637,BACKTESTING.645,BTCUSDT_SWAP_OKX,GLOBAL,空,开,110452.5,0.01,BACKTESTING,637,645
2025-09-04 14:42:00+08:00,BACKTESTING.638,BACKTESTING.646,BTCUSDT_SWAP_OKX,GLOBAL,多,平,110288.2,0.01,BACKTESTING,638,646
2025-09-04 17:30:00+08:00,BACKTESTING.639,BACKTESTING.647,BTCUSDT_SWAP_OKX,GLOBAL,空,开,110294.4,0.01,BACKTESTING,639,647
2025-09-04 17:45:00+08:00,BACKTESTING.640,BACKTESTING.648,BTCUSDT_SWAP_OKX,GLOBAL,多,平,110274.1,0.01,BACKTESTING,640,648
2025-09-04 18:39:00+08:00,BACKTESTING.641,BACKTESTING.649,BTCUSDT_SWAP_OKX,GLOBAL,空,开,110161.1,0.01,BACKTESTING,641,649
2025-09-04 18:59:00+08:00,BACKTESTING.642,BACKTESTING.650,BTCUSDT_SWAP_OKX,GLOBAL,多,平,110160.8,0.01,BACKTESTING,642,650
2025-09-04 22:08:00+08:00,BACKTESTING.643,BACKTESTING.651,BTCUSDT_SWAP_OKX,GLOBAL,空,开,109921.5,0.01,BACKTESTING,643,651
2025-09-04 22:10:00+08:00,BACKTESTING.644,BACKTESTING.652,BTCUSDT_SWAP_OKX,GLOBAL,多,平,109097.0,0.01,BACKTESTING,644,652
2025-09-04 23:12:00+08:00,BACKTESTING.645,BACKTESTING.653,BTCUSDT_SWAP_OKX,GLOBAL,空,开,109416.0,0.01,BACKTESTING,645,653
2025-09-04 23:24:00+08:00,BACKTESTING.646,BACKTESTING.654,BTCUSDT_SWAP_OKX,GLOBAL,多,平,109340.5,0.01,BACKTESTING,646,654
2025-09-11 00:59:00+08:00,BACKTESTING.647,BACKTESTING.655,BTCUSDT_SWAP_OKX,GLOBAL,多,开,113701.9,0.01,BACKTESTING,647,655
2025-09-11 01:17:00+08:00,BACKTESTING.648,BACKTESTING.656,BTCUSDT_SWAP_OKX,GLOBAL,空,平,113573.7,0.01,BACKTESTING,648,656
2025-09-11 03:22:00+08:00,BACKTESTING.649,BACKTESTING.657,BTCUSDT_SWAP_OKX,GLOBAL,空,开,112999.5,0.01,BACKTESTING,649,657
2025-09-11 03:24:00+08:00,BACKTESTING.650,BACKTESTING.658,BTCUSDT_SWAP_OKX,GLOBAL,多,平,111960.0,0.01,BACKTESTING,650,658
2025-09-11 05:12:00+08:00,BACKTESTING.651,BACKTESTING.659,BTCUSDT_SWAP_OKX,GLOBAL,多,开,113729.2,0.01,BACKTESTING,651,659
2025-09-11 05:32:00+08:00,BACKTESTING.652,BACKTESTING.660,BTCUSDT_SWAP_OKX,GLOBAL,空,平,113567.9,0.01,BACKTESTING,652,660
2025-09-11 05:49:00+08:00,BACKTESTING.653,BACKTESTING.661,BTCUSDT_SWAP_OKX,GLOBAL,多,开,113741.5,0.01,BACKTESTING,653,661
2025-09-11 06:09:00+08:00,BACKTESTING.654,BACKTESTING.662,BTCUSDT_SWAP_OKX,GLOBAL,空,平,113711.0,0.01,BACKTESTING,654,662
2025-09-11 07:04:00+08:00,BACKTESTING.655,BACKTESTING.663,BTCUSDT_SWAP_OKX,GLOBAL,多,开,113911.9,0.01,BACKTESTING,655,663
2025-09-11 07:25:00+08:00,BACKTESTING.656,BACKTESTING.665,BTCUSDT_SWAP_OKX,GLOBAL,空,平,113859.9,0.01,BACKTESTING,656,665
2025-09-11 07:47:00+08:00,BACKTESTING.657,BACKTESTING.666,BTCUSDT_SWAP_OKX,GLOBAL,多,开,113894.0,0.01,BACKTESTING,657,666
2025-09-11 08:07:00+08:00,BACKTESTING.658,BACKTESTING.667,BTCUSDT_SWAP_OKX,GLOBAL,空,平,113865.5,0.01,BACKTESTING,658,667
2025-09-11 09:14:00+08:00,BACKTESTING.659,BACKTESTING.668,BTCUSDT_SWAP_OKX,GLOBAL,多,开,113907.0,0.01,BACKTESTING,659,668
2025-09-11 09:19:00+08:00,BACKTESTING.660,BACKTESTING.669,BTCUSDT_SWAP_OKX,GLOBAL,空,平,113726.2,0.01,BACKTESTING,660,669
2025-09-11 11:22:00+08:00,BACKTESTING.661,BACKTESTING.670,BTCUSDT_SWAP_OKX,GLOBAL,多,开,114049.7,0.01,BACKTESTING,661,670
2025-09-11 11:37:00+08:00,BACKTESTING.662,BACKTESTING.671,BTCUSDT_SWAP_OKX,GLOBAL,空,平,113797.7,0.01,BACKTESTING,662,671
2025-09-11 16:33:00+08:00,BACKTESTING.663,BACKTESTING.672,BTCUSDT_SWAP_OKX,GLOBAL,空,开,113550.0,0.01,BACKTESTING,663,672
2025-09-11 16:49:00+08:00,BACKTESTING.664,BACKTESTING.673,BTCUSDT_SWAP_OKX,GLOBAL,多,平,113474.0,0.01,BACKTESTING,664,673
2025-09-11 17:36:00+08:00,BACKTESTING.665,BACKTESTING.674,BTCUSDT_SWAP_OKX,GLOBAL,空,开,113332.6,0.01,BACKTESTING,665,674
2025-09-11 17:37:00+08:00,BACKTESTING.666,BACKTESTING.675,BTCUSDT_SWAP_OKX,GLOBAL,多,平,113877.3,0.01,BACKTESTING,666,675
2025-09-18 02:37:00+08:00,BACKTESTING.667,BACKTESTING.676,BTCUSDT_SWAP_OKX,GLOBAL,空,开,115117.2,0.01,BACKTESTING,667,676
2025-09-18 02:45:00+08:00,BACKTESTING.668,BACKTESTING.677,BTCUSDT_SWAP_OKX,GLOBAL,多,平,113792.5,0.01,BACKTESTING,668,677
2025-09-18 05:28:00+08:00,BACKTESTING.669,BACKTESTING.678,BTCUSDT_SWAP_OKX,GLOBAL,多,开,115791.0,0.01,BACKTESTING,669,678
2025-09-18 05:48:00+08:00,BACKTESTING.670,BACKTESTING.679,BTCUSDT_SWAP_OKX,GLOBAL,空,平,115982.7,0.01,BACKTESTING,670,679
2025-09-18 06:16:00+08:00,BACKTESTING.671,BACKTESTING.680,BTCUSDT_SWAP_OKX,GLOBAL,多,开,116215.3,0.01,BACKTESTING,671,680
2025-09-18 06:36:00+08:00,BACKTESTING.672,BACKTESTING.681,BTCUSDT_SWAP_OKX,GLOBAL,空,平,116200.0,0.01,BACKTESTING,672,681
2025-09-18 07:34:00+08:00,BACKTESTING.673,BACKTESTING.682,BTCUSDT_SWAP_OKX,GLOBAL,多,开,116347.1,0.01,BACKTESTING,673,682
2025-09-18 07:38:00+08:00,BACKTESTING.674,BACKTESTING.683,BTCUSDT_SWAP_OKX,GLOBAL,空,平,116200.0,0.01,BACKTESTING,674,683
2025-09-18 08:17:00+08:00,BACKTESTING.675,BACKTESTING.684,BTCUSDT_SWAP_OKX,GLOBAL,多,开,116217.8,0.01,BACKTESTING,675,684
2025-09-18 08:33:00+08:00,BACKTESTING.676,BACKTESTING.685,BTCUSDT_SWAP_OKX,GLOBAL,空,平,116030.0,0.01,BACKTESTING,676,685
2025-09-18 09:10:00+08:00,BACKTESTING.677,BACKTESTING.686,BTCUSDT_SWAP_OKX,GLOBAL,多,开,116207.1,0.01,BACKTESTING,677,686
2025-09-18 09:15:00+08:00,BACKTESTING.678,BACKTESTING.687,BTCUSDT_SWAP_OKX,GLOBAL,空,平,116600.0,0.01,BACKTESTING,678,687
2025-09-18 10:07:00+08:00,BACKTESTING.679,BACKTESTING.688,BTCUSDT_SWAP_OKX,GLOBAL,多,开,116547.7,0.01,BACKTESTING,679,688
2025-09-18 10:26:00+08:00,BACKTESTING.680,BACKTESTING.689,BTCUSDT_SWAP_OKX,GLOBAL,空,平,116333.3,0.01,BACKTESTING,680,689
2025-09-18 10:51:00+08:00,BACKTESTING.681,BACKTESTING.690,BTCUSDT_SWAP_OKX,GLOBAL,多,开,116625.0,0.01,BACKTESTING,681,690
2025-09-18 11:11:00+08:00,BACKTESTING.682,BACKTESTING.691,BTCUSDT_SWAP_OKX,GLOBAL,空,平,117109.2,0.01,BACKTESTING,682,691
2025-09-18 11:24:00+08:00,BACKTESTING.683,BACKTESTING.692,BTCUSDT_SWAP_OKX,GLOBAL,多,开,117602.8,0.01,BACKTESTING,683,692
2025-09-18 11:27:00+08:00,BACKTESTING.684,BACKTESTING.693,BTCUSDT_SWAP_OKX,GLOBAL,空,平,117321.2,0.01,BACKTESTING,684,693
2025-09-18 12:08:00+08:00,BACKTESTING.685,BACKTESTING.694,BTCUSDT_SWAP_OKX,GLOBAL,多,开,117459.7,0.01,BACKTESTING,685,694
2025-09-18 12:15:00+08:00,BACKTESTING.686,BACKTESTING.695,BTCUSDT_SWAP_OKX,GLOBAL,空,平,117269.2,0.01,BACKTESTING,686,695
2025-09-25 00:24:00+08:00,BACKTESTING.687,BACKTESTING.696,BTCUSDT_SWAP_OKX,GLOBAL,多,开,113423.4,0.01,BACKTESTING,687,696
2025-09-25 00:44:00+08:00,BACKTESTING.688,BACKTESTING.697,BTCUSDT_SWAP_OKX,GLOBAL,空,平,113569.2,0.01,BACKTESTING,688,697
2025-09-25 01:01:00+08:00,BACKTESTING.689,BACKTESTING.698,BTCUSDT_SWAP_OKX,GLOBAL,多,开,113770.0,0.01,BACKTESTING,689,698
2025-09-25 01:04:00+08:00,BACKTESTING.690,BACKTESTING.699,BTCUSDT_SWAP_OKX,GLOBAL,空,平,113608.7,0.01,BACKTESTING,690,699
2025-09-25 08:39:00+08:00,BACKTESTING.691,BACKTESTING.700,BTCUSDT_SWAP_OKX,GLOBAL,空,开,112837.8,0.01,BACKTESTING,691,700
2025-09-25 08:59:00+08:00,BACKTESTING.692,BACKTESTING.701,BTCUSDT_SWAP_OKX,GLOBAL,多,平,112744.2,0.01,BACKTESTING,692,701
2025-09-25 09:36:00+08:00,BACKTESTING.693,BACKTESTING.702,BTCUSDT_SWAP_OKX,GLOBAL,空,开,112651.2,0.01,BACKTESTING,693,702
2025-09-25 09:49:00+08:00,BACKTESTING.694,BACKTESTING.703,BTCUSDT_SWAP_OKX,GLOBAL,多,平,112746.1,0.01,BACKTESTING,694,703
2025-09-25 10:08:00+08:00,BACKTESTING.695,BACKTESTING.704,BTCUSDT_SWAP_OKX,GLOBAL,空,开,112305.0,0.01,BACKTESTING,695,704
2025-09-25 10:24:00+08:00,BACKTESTING.696,BACKTESTING.705,BTCUSDT_SWAP_OKX,GLOBAL,多,平,111833.0,0.01,BACKTESTING,696,705
2025-09-25 11:26:00+08:00,BACKTESTING.697,BACKTESTING.706,BTCUSDT_SWAP_OKX,GLOBAL,空,开,112344.8,0.01,BACKTESTING,697,706
2025-09-25 11:42:00+08:00,BACKTESTING.698,BACKTESTING.707,BTCUSDT_SWAP_OKX,GLOBAL,多,平,112298.9,0.01,BACKTESTING,698,707
2025-09-25 12:17:00+08:00,BACKTESTING.699,BACKTESTING.708,BTCUSDT_SWAP_OKX,GLOBAL,空,开,112153.0,0.01,BACKTESTING,699,708
2025-09-25 12:20:00+08:00,BACKTESTING.700,BACKTESTING.709,BTCUSDT_SWAP_OKX,GLOBAL,多,平,111848.9,0.01,BACKTESTING,700,709
2025-09-25 12:54:00+08:00,BACKTESTING.701,BACKTESTING.710,BTCUSDT_SWAP_OKX,GLOBAL,空,开,111529.7,0.01,BACKTESTING,701,710
2025-09-25 12:59:00+08:00,BACKTESTING.702,BACKTESTING.711,BTCUSDT_SWAP_OKX,GLOBAL,多,平,111710.5,0.01,BACKTESTING,702,711
2025-09-25 14:10:00+08:00,BACKTESTING.703,BACKTESTING.712,BTCUSDT_SWAP_OKX,GLOBAL,空,开,111515.0,0.01,BACKTESTING,703,712
2025-09-25 14:24:00+08:00,BACKTESTING.704,BACKTESTING.713,BTCUSDT_SWAP_OKX,GLOBAL,多,平,111722.0,0.01,BACKTESTING,704,713
2025-09-25 20:04:00+08:00,BACKTESTING.705,BACKTESTING.714,BTCUSDT_SWAP_OKX,GLOBAL,空,开,110861.7,0.01,BACKTESTING,705,714
2025-09-25 20:06:00+08:00,BACKTESTING.706,BACKTESTING.715,BTCUSDT_SWAP_OKX,GLOBAL,多,平,110511.6,0.01,BACKTESTING,706,715
